review_id,domain,topic_id,topic_zh,topic_en,candidate_id,finding_id,pmid,doi,year,journal,title_en,study_type,endpoint_class,final_evidence_level,quality_confidence_score,influence_score,review_tool,review_priority,why_selected_zh,next_action_zh,manual_review_status,reviewer,review_date,pubmed_url,github_card_path,last_checked
core-healthspan-cardiorespiratory-fitness-01,healthspan,cardiorespiratory-fitness,心肺适能与死亡风险,Cardiorespiratory Fitness and Mortality,pubmed-42415992,finding-pubmed-42415992,42415992,10.1002/ejhf.3476,2026,Frontiers in cardiovascular medicine,Immunoadsorption and subsequent immunoglobulin G replacement (IA/IG) in patients with dilated cardiomyopathy: a systematic review and meta-analysis.,systematic_review_or_meta_analysis,H1,A,90,0,AMSTAR 2,P1,该条属于 A/B 级公开主题的核心候选文献，按等级、质量分、影响力和年份优先排序进入人工复核队列。,读取全文或摘要细节；按指定工具完成人工偏倚/方法学复核；确认该条是否支持公开 claim。,queued_not_started,,,https://pubmed.ncbi.nlm.nih.gov/42415992/,content/papers/pubmed-42415992.md,2026-07-29
core-healthspan-cardiorespiratory-fitness-02,healthspan,cardiorespiratory-fitness,心肺适能与死亡风险,Cardiorespiratory Fitness and Mortality,pubmed-42404333,finding-pubmed-42404333,42404333,10.1016/j.jshs.2024.100986,2026,Frontiers in sports and active living,Effects of exercise on cardiorespiratory fitness in individuals with MASLD: a systematic review and dose-response meta-analysis.,systematic_review_or_meta_analysis,H1,A,90,0,AMSTAR 2,P1,该条属于 A/B 级公开主题的核心候选文献，按等级、质量分、影响力和年份优先排序进入人工复核队列。,读取全文或摘要细节；按指定工具完成人工偏倚/方法学复核；确认该条是否支持公开 claim。,queued_not_started,,,https://pubmed.ncbi.nlm.nih.gov/42404333/,content/papers/pubmed-42404333.md,2026-07-29
core-healthspan-cardiorespiratory-fitness-03,healthspan,cardiorespiratory-fitness,心肺适能与死亡风险,Cardiorespiratory Fitness and Mortality,pubmed-42376039,finding-pubmed-42376039,42376039,10.1177/0269215515628038,2026,PeerJ,"Effects of cardiac rehabilitation on atrial fibrillation recurrence, mortality, hospitalization, and exercise capacity: a systematic review and meta-analysis.",systematic_review_or_meta_analysis,H1,A,90,0,AMSTAR 2,P1,该条属于 A/B 级公开主题的核心候选文献，按等级、质量分、影响力和年份优先排序进入人工复核队列。,读取全文或摘要细节；按指定工具完成人工偏倚/方法学复核；确认该条是否支持公开 claim。,queued_not_started,,,https://pubmed.ncbi.nlm.nih.gov/42376039/,content/papers/pubmed-42376039.md,2026-07-29
core-healthspan-cardiorespiratory-fitness-04,healthspan,cardiorespiratory-fitness,心肺适能与死亡风险,Cardiorespiratory Fitness and Mortality,pubmed-42269051,finding-pubmed-42269051,42269051,10.3390/medicina59071296,2026,Proceedings (Baylor University. Medical Center),Efficacy and safety of exercise for hypertrophic cardiomyopathy: a systematic review and meta-analysis.,systematic_review_or_meta_analysis,H1,A,90,0,AMSTAR 2,P1,该条属于 A/B 级公开主题的核心候选文献，按等级、质量分、影响力和年份优先排序进入人工复核队列。,读取全文或摘要细节；按指定工具完成人工偏倚/方法学复核；确认该条是否支持公开 claim。,queued_not_started,,,https://pubmed.ncbi.nlm.nih.gov/42269051/,content/papers/pubmed-42269051.md,2026-07-29
core-healthspan-cardiorespiratory-fitness-05,healthspan,cardiorespiratory-fitness,心肺适能与死亡风险,Cardiorespiratory Fitness and Mortality,pubmed-42062906,finding-pubmed-42062906,42062906,10.1016/j.pmedr.2019.100908,2026,BMC geriatrics,"Aerobic physical activity, cardiorespiratory fitness, and non-communicable diseases risk in older adults: a systematic review.",systematic_review_or_meta_analysis,H1,A,90,0,AMSTAR 2,P1,该条属于 A/B 级公开主题的核心候选文献，按等级、质量分、影响力和年份优先排序进入人工复核队列。,读取全文或摘要细节；按指定工具完成人工偏倚/方法学复核；确认该条是否支持公开 claim。,queued_not_started,,,https://pubmed.ncbi.nlm.nih.gov/42062906/,content/papers/pubmed-42062906.md,2026-07-29
core-healthspan-physical-activity-healthspan-01,healthspan,physical-activity-healthspan,身体活动与健康寿命,Physical Activity and Healthspan,pubmed-42477260,finding-pubmed-42477260,42477260,10.1186/s12933-022-01686-3,2026,Neurocritical care,Glycemic Control in Severe Acute Brain Injury: Systematic Review and Meta-analysis with Trial Sequential Analysis.,systematic_review_or_meta_analysis,H1,A,90,0,AMSTAR 2,P1,该条属于 A/B 级公开主题的核心候选文献，按等级、质量分、影响力和年份优先排序进入人工复核队列。,读取全文或摘要细节；按指定工具完成人工偏倚/方法学复核；确认该条是否支持公开 claim。,queued_not_started,,,https://pubmed.ncbi.nlm.nih.gov/42477260/,content/papers/pubmed-42477260.md,2026-07-29
core-healthspan-physical-activity-healthspan-02,healthspan,physical-activity-healthspan,身体活动与健康寿命,Physical Activity and Healthspan,pubmed-41980883,finding-pubmed-41980883,41980883,10.1002/jcsm.12791,2026,Renal failure,Benefits of physical exercises in chronic kidney disease: a systematic review and meta-analysis of randomized controlled trials.,systematic_review_or_meta_analysis,H1,A,90,0,AMSTAR 2,P1,该条属于 A/B 级公开主题的核心候选文献，按等级、质量分、影响力和年份优先排序进入人工复核队列。,读取全文或摘要细节；按指定工具完成人工偏倚/方法学复核；确认该条是否支持公开 claim。,queued_not_started,,,https://pubmed.ncbi.nlm.nih.gov/41980883/,content/papers/pubmed-41980883.md,2026-07-29
core-healthspan-physical-activity-healthspan-03,healthspan,physical-activity-healthspan,身体活动与健康寿命,Physical Activity and Healthspan,pubmed-42421626,finding-pubmed-42421626,42421626,10.1016/j.jclinepi.2015.04.005,2026,Journal of diabetes research,Evaluation of the Risk Prediction Model for Frailty in Diabetic Patients: A Systematic Review and Meta-Analysis.,systematic_review_or_meta_analysis,H1,A,90,0,AMSTAR 2,P1,该条属于 A/B 级公开主题的核心候选文献，按等级、质量分、影响力和年份优先排序进入人工复核队列。,读取全文或摘要细节；按指定工具完成人工偏倚/方法学复核；确认该条是否支持公开 claim。,queued_not_started,,,https://pubmed.ncbi.nlm.nih.gov/42421626/,content/papers/pubmed-42421626.md,2026-07-29
core-healthspan-physical-activity-healthspan-04,healthspan,physical-activity-healthspan,身体活动与健康寿命,Physical Activity and Healthspan,pubmed-42400650,finding-pubmed-42400650,42400650,10.1007/s11764-023-01366-5,2026,Cancer causes & control : CCC,Post-diagnosis physical activity in relation to mortality among gynecological cancer survivors.,systematic_review_or_meta_analysis,H1,A,90,0,AMSTAR 2,P1,该条属于 A/B 级公开主题的核心候选文献，按等级、质量分、影响力和年份优先排序进入人工复核队列。,读取全文或摘要细节；按指定工具完成人工偏倚/方法学复核；确认该条是否支持公开 claim。,queued_not_started,,,https://pubmed.ncbi.nlm.nih.gov/42400650/,content/papers/pubmed-42400650.md,2026-07-29
core-healthspan-physical-activity-healthspan-05,healthspan,physical-activity-healthspan,身体活动与健康寿命,Physical Activity and Healthspan,pubmed-42373873,finding-pubmed-42373873,42373873,10.1136/bmj.f3755,2026,Wiener klinische Wochenschrift,Systematic review of clinical evidence for Kneipp medicine.,systematic_review_or_meta_analysis,H1,A,90,0,AMSTAR 2,P1,该条属于 A/B 级公开主题的核心候选文献，按等级、质量分、影响力和年份优先排序进入人工复核队列。,读取全文或摘要细节；按指定工具完成人工偏倚/方法学复核；确认该条是否支持公开 claim。,queued_not_started,,,https://pubmed.ncbi.nlm.nih.gov/42373873/,content/papers/pubmed-42373873.md,2026-07-29
core-healthspan-resistance-training-muscle-01,healthspan,resistance-training-muscle,抗阻训练、肌肉与衰弱,"Resistance Training, Muscle, and Frailty",pubmed-41051730,finding-pubmed-41051730,41051730,10.1111/ger.12605,2026,European geriatric medicine,Deteriorated oral health and function as risk factors for physical disability and mortality in community-dwelling older adults: a systematic review and meta-analysis.,systematic_review_or_meta_analysis,H1,A,90,0,AMSTAR 2,P1,该条属于 A/B 级公开主题的核心候选文献，按等级、质量分、影响力和年份优先排序进入人工复核队列。,读取全文或摘要细节；按指定工具完成人工偏倚/方法学复核；确认该条是否支持公开 claim。,queued_not_started,,,https://pubmed.ncbi.nlm.nih.gov/41051730/,content/papers/pubmed-41051730.md,2026-07-29
core-healthspan-resistance-training-muscle-02,healthspan,resistance-training-muscle,抗阻训练、肌肉与衰弱,"Resistance Training, Muscle, and Frailty",pubmed-42495106,finding-pubmed-42495106,42495106,10.3389/fmed.2025.1639586,2026,EClinicalMedicine,"Frailty status, clinical and functional outcomes in cardiac amyloidosis: a systematic review and meta-analysis.",systematic_review_or_meta_analysis,H1,A,90,0,AMSTAR 2,P1,该条属于 A/B 级公开主题的核心候选文献，按等级、质量分、影响力和年份优先排序进入人工复核队列。,读取全文或摘要细节；按指定工具完成人工偏倚/方法学复核；确认该条是否支持公开 claim。,queued_not_started,,,https://pubmed.ncbi.nlm.nih.gov/42495106/,content/papers/pubmed-42495106.md,2026-07-29
core-healthspan-resistance-training-muscle-03,healthspan,resistance-training-muscle,抗阻训练、肌肉与衰弱,"Resistance Training, Muscle, and Frailty",pubmed-39342128,finding-pubmed-39342128,39342128,10.1007/s41999-020-00365-4,2024,BMC geriatrics,Multidimensional frailty as a predictor of mortality among older adults: a systematic review and meta-analysis.,systematic_review_or_meta_analysis,H1,A,90,0,AMSTAR 2,P1,该条属于 A/B 级公开主题的核心候选文献，按等级、质量分、影响力和年份优先排序进入人工复核队列。,读取全文或摘要细节；按指定工具完成人工偏倚/方法学复核；确认该条是否支持公开 claim。,queued_not_started,,,https://pubmed.ncbi.nlm.nih.gov/39342128/,content/papers/pubmed-39342128.md,2026-07-29
core-healthspan-resistance-training-muscle-04,healthspan,resistance-training-muscle,抗阻训练、肌肉与衰弱,"Resistance Training, Muscle, and Frailty",pubmed-38489994,finding-pubmed-38489994,38489994,10.1177/0022034513508556,2024,"The journal of nutrition, health & aging",The predictive value of masticatory function for adverse health outcomes in older adults: a systematic review.,systematic_review_or_meta_analysis,H1,A,90,0,AMSTAR 2,P1,该条属于 A/B 级公开主题的核心候选文献，按等级、质量分、影响力和年份优先排序进入人工复核队列。,读取全文或摘要细节；按指定工具完成人工偏倚/方法学复核；确认该条是否支持公开 claim。,queued_not_started,,,https://pubmed.ncbi.nlm.nih.gov/38489994/,content/papers/pubmed-38489994.md,2026-07-29
core-healthspan-resistance-training-muscle-05,healthspan,resistance-training-muscle,抗阻训练、肌肉与衰弱,"Resistance Training, Muscle, and Frailty",pubmed-38341512,finding-pubmed-38341512,38341512,10.1136/bmj.327.7414.557,2024,Scientific reports,Social frailty as a predictor of all-cause mortality and functional disability: a systematic review and meta-analysis.,systematic_review_or_meta_analysis,H1,A,90,0,AMSTAR 2,P1,该条属于 A/B 级公开主题的核心候选文献，按等级、质量分、影响力和年份优先排序进入人工复核队列。,读取全文或摘要细节；按指定工具完成人工偏倚/方法学复核；确认该条是否支持公开 claim。,queued_not_started,,,https://pubmed.ncbi.nlm.nih.gov/38341512/,content/papers/pubmed-38341512.md,2026-07-29
core-healthspan-blood-pressure-aging-01,healthspan,blood-pressure-aging,血压与健康寿命,Blood Pressure and Healthspan,pubmed-42396164,finding-pubmed-42396164,42396164,10.1093/ndt/gfae041,2026,Frontiers in medicine,"Hypertension and frailty in older adults: a bibliometric analysis and knowledge mapping based on Web of Science, Scopus, and PubMed (1973-2025).",systematic_review_or_meta_analysis,H1,A,90,0,AMSTAR 2,P1,该条属于 A/B 级公开主题的核心候选文献，按等级、质量分、影响力和年份优先排序进入人工复核队列。,读取全文或摘要细节；按指定工具完成人工偏倚/方法学复核；确认该条是否支持公开 claim。,queued_not_started,,,https://pubmed.ncbi.nlm.nih.gov/42396164/,content/papers/pubmed-42396164.md,2026-07-29
core-healthspan-blood-pressure-aging-02,healthspan,blood-pressure-aging,血压与健康寿命,Blood Pressure and Healthspan,pubmed-42377683,finding-pubmed-42377683,42377683,10.1111/j.1538-7836.2006.01753.x,2026,Clinical rheumatology,Polyarteritis nodosa and antiphospholipid syndrome: a systematic review of a rare and challenging overlap between vasculitis and thrombotic vasculopathy.,systematic_review_or_meta_analysis,H1,A,90,0,AMSTAR 2,P1,该条属于 A/B 级公开主题的核心候选文献，按等级、质量分、影响力和年份优先排序进入人工复核队列。,读取全文或摘要细节；按指定工具完成人工偏倚/方法学复核；确认该条是否支持公开 claim。,queued_not_started,,,https://pubmed.ncbi.nlm.nih.gov/42377683/,content/papers/pubmed-42377683.md,2026-07-29
core-healthspan-blood-pressure-aging-03,healthspan,blood-pressure-aging,血压与健康寿命,Blood Pressure and Healthspan,pubmed-42254206,finding-pubmed-42254206,42254206,10.1016/j.amjhyper.2006.05.011,2026,Annals of medicine and surgery (2012),Intensive vs standard blood pressure control in adults with type 2 diabetes: a systematic review and GRADE-based meta-analysis.,systematic_review_or_meta_analysis,H1,A,90,0,AMSTAR 2,P1,该条属于 A/B 级公开主题的核心候选文献，按等级、质量分、影响力和年份优先排序进入人工复核队列。,读取全文或摘要细节；按指定工具完成人工偏倚/方法学复核；确认该条是否支持公开 claim。,queued_not_started,,,https://pubmed.ncbi.nlm.nih.gov/42254206/,content/papers/pubmed-42254206.md,2026-07-29
core-healthspan-blood-pressure-aging-04,healthspan,blood-pressure-aging,血压与健康寿命,Blood Pressure and Healthspan,pubmed-42161238,finding-pubmed-42161238,42161238,10.1016/j.psyneuen.2014.01.019,2026,Journal of Ayurveda and integrative medicine,Effect of Yoga on inflammatory markers and its impact on cardiovascular health and rehabilitation: A systematic review.,systematic_review_or_meta_analysis,H1,A,90,0,AMSTAR 2,P1,该条属于 A/B 级公开主题的核心候选文献，按等级、质量分、影响力和年份优先排序进入人工复核队列。,读取全文或摘要细节；按指定工具完成人工偏倚/方法学复核；确认该条是否支持公开 claim。,queued_not_started,,,https://pubmed.ncbi.nlm.nih.gov/42161238/,content/papers/pubmed-42161238.md,2026-07-29
core-healthspan-blood-pressure-aging-05,healthspan,blood-pressure-aging,血压与健康寿命,Blood Pressure and Healthspan,pubmed-41066678,finding-pubmed-41066678,41066678,10.1016/j.heliyon.2023.e16176,2025,Age and ageing,Life satisfaction and risk of dementia in older adults: findings from 15 European countries and meta-analysis.,systematic_review_or_meta_analysis,H1,A,90,0,AMSTAR 2,P1,该条属于 A/B 级公开主题的核心候选文献，按等级、质量分、影响力和年份优先排序进入人工复核队列。,读取全文或摘要细节；按指定工具完成人工偏倚/方法学复核；确认该条是否支持公开 claim。,queued_not_started,,,https://pubmed.ncbi.nlm.nih.gov/41066678/,content/papers/pubmed-41066678.md,2026-07-29
core-healthspan-ldl-apob-cardiovascular-risk-01,healthspan,ldl-apob-cardiovascular-risk,LDL-C/apoB 与心血管风险,LDL-C/apoB and Cardiovascular Risk,pubmed-42321442,finding-pubmed-42321442,42321442,10.1016/S0140-6736(08)60104-X,2026,Cardiovascular drugs and therapy,"Comparative Cardiovascular, Lipid, and Safety Effects of Lipid-Modifying Therapies in Diabetes: An Agent-, Class-, and Dose-Level Network Meta-Analysis.",systematic_review_or_meta_analysis,H1,A,90,0,AMSTAR 2,P1,该条属于 A/B 级公开主题的核心候选文献，按等级、质量分、影响力和年份优先排序进入人工复核队列。,读取全文或摘要细节；按指定工具完成人工偏倚/方法学复核；确认该条是否支持公开 claim。,queued_not_started,,,https://pubmed.ncbi.nlm.nih.gov/42321442/,content/papers/pubmed-42321442.md,2026-07-29
core-healthspan-ldl-apob-cardiovascular-risk-02,healthspan,ldl-apob-cardiovascular-risk,LDL-C/apoB 与心血管风险,LDL-C/apoB and Cardiovascular Risk,pubmed-41549171,finding-pubmed-41549171,41549171,10.31083/j.rcm2503094,2026,Drugs,Effect of Proprotein Convertase Subtilisin/Kexin Type 9 (PCSK9) Inhibitors on Lipoprotein(a) Levels: An Umbrella Review of Meta-analyses of Randomized Controlled Trials.,systematic_review_or_meta_analysis,H1,A,90,0,AMSTAR 2,P1,该条属于 A/B 级公开主题的核心候选文献，按等级、质量分、影响力和年份优先排序进入人工复核队列。,读取全文或摘要细节；按指定工具完成人工偏倚/方法学复核；确认该条是否支持公开 claim。,queued_not_started,,,https://pubmed.ncbi.nlm.nih.gov/41549171/,content/papers/pubmed-41549171.md,2026-07-29
core-healthspan-ldl-apob-cardiovascular-risk-03,healthspan,ldl-apob-cardiovascular-risk,LDL-C/apoB 与心血管风险,LDL-C/apoB and Cardiovascular Risk,pubmed-42111473,finding-pubmed-42111473,42111473,10.1016/j.bjpt.2023.100483,2026,Frontiers in clinical diabetes and healthcare,Yoga interventions and randomized controlled trials: key issues and the centered impact on sedentary lifestyle-associated cardiometabolic disorders.,systematic_review_or_meta_analysis,H1,A,90,0,AMSTAR 2,P1,该条属于 A/B 级公开主题的核心候选文献，按等级、质量分、影响力和年份优先排序进入人工复核队列。,读取全文或摘要细节；按指定工具完成人工偏倚/方法学复核；确认该条是否支持公开 claim。,queued_not_started,,,https://pubmed.ncbi.nlm.nih.gov/42111473/,content/papers/pubmed-42111473.md,2026-07-29
core-healthspan-ldl-apob-cardiovascular-risk-04,healthspan,ldl-apob-cardiovascular-risk,LDL-C/apoB 与心血管风险,LDL-C/apoB and Cardiovascular Risk,pubmed-42095149,finding-pubmed-42095149,42095149,10.1097/FJC.0000000000001659,2026,Frontiers in cardiovascular medicine,Clinical effects of sodium-glucose cotransporter 2 inhibitors combined with conventional therapy in myocardial infarction: a systematic review and meta-analysis of randomized controlled trials.,systematic_review_or_meta_analysis,H1,A,90,0,AMSTAR 2,P1,该条属于 A/B 级公开主题的核心候选文献，按等级、质量分、影响力和年份优先排序进入人工复核队列。,读取全文或摘要细节；按指定工具完成人工偏倚/方法学复核；确认该条是否支持公开 claim。,queued_not_started,,,https://pubmed.ncbi.nlm.nih.gov/42095149/,content/papers/pubmed-42095149.md,2026-07-29
core-healthspan-ldl-apob-cardiovascular-risk-05,healthspan,ldl-apob-cardiovascular-risk,LDL-C/apoB 与心血管风险,LDL-C/apoB and Cardiovascular Risk,pubmed-42091697,finding-pubmed-42091697,42091697,10.1161/CIR.0000000000001423,2026,European journal of clinical pharmacology,Effects of hypoxia-inducible factor prolyl hydroxylase inhibitors on lipid profiles in patients with chronic kidney disease: a systematic review and meta-analysis.,systematic_review_or_meta_analysis,H1,A,90,0,AMSTAR 2,P1,该条属于 A/B 级公开主题的核心候选文献，按等级、质量分、影响力和年份优先排序进入人工复核队列。,读取全文或摘要细节；按指定工具完成人工偏倚/方法学复核；确认该条是否支持公开 claim。,queued_not_started,,,https://pubmed.ncbi.nlm.nih.gov/42091697/,content/papers/pubmed-42091697.md,2026-07-29
core-healthspan-dietary-pattern-longevity-01,healthspan,dietary-pattern-longevity,饮食模式与死亡风险,Dietary Patterns and Mortality,pubmed-41158656,finding-pubmed-41158656,41158656,10.3390/nu7064778.x,2025,Frontiers in nutrition,Healthy dietary patterns and ovarian cancer risk and survival: a systematic review and meta-analysis.,systematic_review_or_meta_analysis,H1,A,90,0,AMSTAR 2,P1,该条属于 A/B 级公开主题的核心候选文献，按等级、质量分、影响力和年份优先排序进入人工复核队列。,读取全文或摘要细节；按指定工具完成人工偏倚/方法学复核；确认该条是否支持公开 claim。,queued_not_started,,,https://pubmed.ncbi.nlm.nih.gov/41158656/,content/papers/pubmed-41158656.md,2026-07-29
core-healthspan-dietary-pattern-longevity-02,healthspan,dietary-pattern-longevity,饮食模式与死亡风险,Dietary Patterns and Mortality,pubmed-40866745,finding-pubmed-40866745,40866745,10.1097/cej.0000000000000245,2025,Cancer causes & control : CCC,Dietary factors and colorectal cancer risk in Asian populations: a systematic review and meta-analysis of cohort studies.,systematic_review_or_meta_analysis,H1,A,90,0,AMSTAR 2,P1,该条属于 A/B 级公开主题的核心候选文献，按等级、质量分、影响力和年份优先排序进入人工复核队列。,读取全文或摘要细节；按指定工具完成人工偏倚/方法学复核；确认该条是否支持公开 claim。,queued_not_started,,,https://pubmed.ncbi.nlm.nih.gov/40866745/,content/papers/pubmed-40866745.md,2026-07-29
core-healthspan-dietary-pattern-longevity-03,healthspan,dietary-pattern-longevity,饮食模式与死亡风险,Dietary Patterns and Mortality,pubmed-40033461,finding-pubmed-40033461,40033461,10.1016/j.amepre.2024.02.019,2025,Systematic reviews,Ultra-processed foods and risk of all-cause mortality: an updated systematic review and dose-response meta-analysis of prospective cohort studies.,systematic_review_or_meta_analysis,H1,A,90,0,AMSTAR 2,P1,该条属于 A/B 级公开主题的核心候选文献，按等级、质量分、影响力和年份优先排序进入人工复核队列。,读取全文或摘要细节；按指定工具完成人工偏倚/方法学复核；确认该条是否支持公开 claim。,queued_not_started,,,https://pubmed.ncbi.nlm.nih.gov/40033461/,content/papers/pubmed-40033461.md,2026-07-29
core-healthspan-dietary-pattern-longevity-04,healthspan,dietary-pattern-longevity,饮食模式与死亡风险,Dietary Patterns and Mortality,pubmed-40005424,finding-pubmed-40005424,40005424,10.1158/1055-9965.EPI-09-0944,2025,"Medicina (Kaunas, Lithuania)",Impact of Lifestyle Modifications on Cancer Mortality: A Systematic Review and Meta-Analysis.,systematic_review_or_meta_analysis,H1,A,90,0,AMSTAR 2,P1,该条属于 A/B 级公开主题的核心候选文献，按等级、质量分、影响力和年份优先排序进入人工复核队列。,读取全文或摘要细节；按指定工具完成人工偏倚/方法学复核；确认该条是否支持公开 claim。,queued_not_started,,,https://pubmed.ncbi.nlm.nih.gov/40005424/,content/papers/pubmed-40005424.md,2026-07-29
core-healthspan-dietary-pattern-longevity-05,healthspan,dietary-pattern-longevity,饮食模式与死亡风险,Dietary Patterns and Mortality,pubmed-39902310,finding-pubmed-39902310,39902310,10.1007/s13668-022-00440-1,2025,Frontiers in nutrition,Plant-based diets and total and cause-specific mortality: a meta-analysis of prospective studies.,systematic_review_or_meta_analysis,H1,A,90,0,AMSTAR 2,P1,该条属于 A/B 级公开主题的核心候选文献，按等级、质量分、影响力和年份优先排序进入人工复核队列。,读取全文或摘要细节；按指定工具完成人工偏倚/方法学复核；确认该条是否支持公开 claim。,queued_not_started,,,https://pubmed.ncbi.nlm.nih.gov/39902310/,content/papers/pubmed-39902310.md,2026-07-29
core-healthspan-sleep-aging-01,healthspan,sleep-aging,睡眠与健康结局,Sleep and Aging Outcomes,pubmed-42278841,finding-pubmed-42278841,42278841,10.1111/ecc.12457,2026,"Healthcare (Basel, Switzerland)",Potential Benefits of Complementary Therapies for Women with Breast Cancer Undergoing Oncological Treatment: A Systematic Review.,systematic_review_or_meta_analysis,H1,A,90,0,AMSTAR 2,P1,该条属于 A/B 级公开主题的核心候选文献，按等级、质量分、影响力和年份优先排序进入人工复核队列。,读取全文或摘要细节；按指定工具完成人工偏倚/方法学复核；确认该条是否支持公开 claim。,queued_not_started,,,https://pubmed.ncbi.nlm.nih.gov/42278841/,content/papers/pubmed-42278841.md,2026-07-29
core-healthspan-sleep-aging-02,healthspan,sleep-aging,睡眠与健康结局,Sleep and Aging Outcomes,pubmed-41039116,finding-pubmed-41039116,41039116,10.1038/s41591-025-03978-z,2025,Nature medicine,A systematic review and meta-analysis of the efficacy and safety of pharmacological treatments for obesity in adults.,systematic_review_or_meta_analysis,H1,A,90,0,AMSTAR 2,P1,该条属于 A/B 级公开主题的核心候选文献，按等级、质量分、影响力和年份优先排序进入人工复核队列。,读取全文或摘要细节；按指定工具完成人工偏倚/方法学复核；确认该条是否支持公开 claim。,queued_not_started,,,https://pubmed.ncbi.nlm.nih.gov/41039116/,content/papers/pubmed-41039116.md,2026-07-29
core-healthspan-sleep-aging-03,healthspan,sleep-aging,睡眠与健康结局,Sleep and Aging Outcomes,pubmed-40982264,finding-pubmed-40982264,40982264,10.1016/j.cpr.2015.05.001,2025,JAMA internal medicine,Cognitive Behavioral Therapy for Insomnia in People With Chronic Disease: A Systematic Review and Meta-Analysis.,systematic_review_or_meta_analysis,H1,A,90,0,AMSTAR 2,P1,该条属于 A/B 级公开主题的核心候选文献，按等级、质量分、影响力和年份优先排序进入人工复核队列。,读取全文或摘要细节；按指定工具完成人工偏倚/方法学复核；确认该条是否支持公开 claim。,queued_not_started,,,https://pubmed.ncbi.nlm.nih.gov/40982264/,content/papers/pubmed-40982264.md,2026-07-29
core-healthspan-sleep-aging-04,healthspan,sleep-aging,睡眠与健康结局,Sleep and Aging Outcomes,pubmed-40118084,finding-pubmed-40118084,40118084,10.1016/S2213-2600(25)00002-5,2025,The Lancet. Respiratory medicine,"Positive airway pressure therapy and all-cause and cardiovascular mortality in people with obstructive sleep apnoea: a systematic review and meta-analysis of randomised controlled trials and confounder-adjusted, non-randomised controlled studies.",systematic_review_or_meta_analysis,H1,A,90,0,AMSTAR 2,P1,该条属于 A/B 级公开主题的核心候选文献，按等级、质量分、影响力和年份优先排序进入人工复核队列。,读取全文或摘要细节；按指定工具完成人工偏倚/方法学复核；确认该条是否支持公开 claim。,queued_not_started,,,https://pubmed.ncbi.nlm.nih.gov/40118084/,content/papers/pubmed-40118084.md,2026-07-29
core-healthspan-sleep-aging-05,healthspan,sleep-aging,睡眠与健康结局,Sleep and Aging Outcomes,pubmed-40078770,finding-pubmed-40078770,40078770,10.1111/ggi.14005,2025,Frontiers in public health,Sleep quality and duration and frailty in older adults: a systematic review.,systematic_review_or_meta_analysis,H1,A,90,0,AMSTAR 2,P1,该条属于 A/B 级公开主题的核心候选文献，按等级、质量分、影响力和年份优先排序进入人工复核队列。,读取全文或摘要细节；按指定工具完成人工偏倚/方法学复核；确认该条是否支持公开 claim。,queued_not_started,,,https://pubmed.ncbi.nlm.nih.gov/40078770/,content/papers/pubmed-40078770.md,2026-07-29
core-healthspan-glp1-weight-cardiometabolic-01,healthspan,glp1-weight-cardiometabolic,GLP-1、减重与心代谢结局,"GLP-1, Weight Loss, and Cardiometabolic Outcomes",pubmed-42479368,finding-pubmed-42479368,42479368,10.1016/j.jacc.2025.08.027,2026,The Egyptian heart journal : (EHJ) : official bulletin of the Egyptian Society of Cardiology,A systematic review and meta-analyses of glucagon-like peptide-1 receptor agonists in acute myocardial infarction.,systematic_review_or_meta_analysis,H1,A,90,0,AMSTAR 2,P1,该条属于 A/B 级公开主题的核心候选文献，按等级、质量分、影响力和年份优先排序进入人工复核队列。,读取全文或摘要细节；按指定工具完成人工偏倚/方法学复核；确认该条是否支持公开 claim。,queued_not_started,,,https://pubmed.ncbi.nlm.nih.gov/42479368/,content/papers/pubmed-42479368.md,2026-07-29
core-healthspan-glp1-weight-cardiometabolic-02,healthspan,glp1-weight-cardiometabolic,GLP-1、减重与心代谢结局,"GLP-1, Weight Loss, and Cardiometabolic Outcomes",pubmed-41761267,finding-pubmed-41761267,41761267,10.1002/oby.24332,2026,Cardiovascular diabetology,Comparative efficacy of tirzepatide and glucagon-like peptide-1 receptor agonists on cardiovascular outcomes in patients with type 2 diabetes: a systematic review and network meta-analysis.,systematic_review_or_meta_analysis,H1,A,90,0,AMSTAR 2,P1,该条属于 A/B 级公开主题的核心候选文献，按等级、质量分、影响力和年份优先排序进入人工复核队列。,读取全文或摘要细节；按指定工具完成人工偏倚/方法学复核；确认该条是否支持公开 claim。,queued_not_started,,,https://pubmed.ncbi.nlm.nih.gov/41761267/,content/papers/pubmed-41761267.md,2026-07-29
core-healthspan-glp1-weight-cardiometabolic-03,healthspan,glp1-weight-cardiometabolic,GLP-1、减重与心代谢结局,"GLP-1, Weight Loss, and Cardiometabolic Outcomes",pubmed-42427474,finding-pubmed-42427474,42427474,10.1186/s12879-023-08340-7,2026,"Mediastinum (Hong Kong, China)","Mediastinitis after cardiac surgery, from microbes to management: a systematic review.",systematic_review_or_meta_analysis,H1,A,90,0,AMSTAR 2,P1,该条属于 A/B 级公开主题的核心候选文献，按等级、质量分、影响力和年份优先排序进入人工复核队列。,读取全文或摘要细节；按指定工具完成人工偏倚/方法学复核；确认该条是否支持公开 claim。,queued_not_started,,,https://pubmed.ncbi.nlm.nih.gov/42427474/,content/papers/pubmed-42427474.md,2026-07-29
core-healthspan-glp1-weight-cardiometabolic-04,healthspan,glp1-weight-cardiometabolic,GLP-1、减重与心代谢结局,"GLP-1, Weight Loss, and Cardiometabolic Outcomes",pubmed-42387250,finding-pubmed-42387250,42387250,10.1002/ejhf.70048,2026,"American journal of cardiovascular drugs : drugs, devices, and other interventions",GLP-1 Receptor Agonists and Cardiovascular Outcomes in Patients with Type 2 Diabetes Across Myocardial Infarction-Defined Populations: A Systematic Review and Meta-Analysis.,systematic_review_or_meta_analysis,H1,A,90,0,AMSTAR 2,P1,该条属于 A/B 级公开主题的核心候选文献，按等级、质量分、影响力和年份优先排序进入人工复核队列。,读取全文或摘要细节；按指定工具完成人工偏倚/方法学复核；确认该条是否支持公开 claim。,queued_not_started,,,https://pubmed.ncbi.nlm.nih.gov/42387250/,content/papers/pubmed-42387250.md,2026-07-29
core-healthspan-glp1-weight-cardiometabolic-05,healthspan,glp1-weight-cardiometabolic,GLP-1、减重与心代谢结局,"GLP-1, Weight Loss, and Cardiometabolic Outcomes",pubmed-42376494,finding-pubmed-42376494,42376494,10.1016/j.eclinm.2026.104026,2026,EClinicalMedicine,"Reassessing the risk-modifying effects of novel antidiabetic agents on asthma-COPD overlap syndrome: a dose-stratified network meta-analysis of 316,832 adults from 128 randomised trials.",systematic_review_or_meta_analysis,H1,A,90,0,AMSTAR 2,P1,该条属于 A/B 级公开主题的核心候选文献，按等级、质量分、影响力和年份优先排序进入人工复核队列。,读取全文或摘要细节；按指定工具完成人工偏倚/方法学复核；确认该条是否支持公开 claim。,queued_not_started,,,https://pubmed.ncbi.nlm.nih.gov/42376494/,content/papers/pubmed-42376494.md,2026-07-29
core-healthspan-caloric-restriction-human-01,healthspan,caloric-restriction-human,热量限制与人体衰老,Caloric Restriction in Humans,pubmed-41470790,finding-pubmed-41470790,41470790,10.22540/JFSF-05-001,2025,Nutrients,"Impact of Dietary Patterns on Skeletal Health: A Systematic Review and Meta-Analysis of Bone Mineral Density, Fracture, Bone Turnover Markers, and Nutritional Status.",systematic_review_or_meta_analysis,H1,B,90,0,AMSTAR 2,P2,该条属于 A/B 级公开主题的核心候选文献，按等级、质量分、影响力和年份优先排序进入人工复核队列。,读取全文或摘要细节；按指定工具完成人工偏倚/方法学复核；确认该条是否支持公开 claim。,queued_not_started,,,https://pubmed.ncbi.nlm.nih.gov/41470790/,content/papers/pubmed-41470790.md,2026-07-29
core-healthspan-caloric-restriction-human-02,healthspan,caloric-restriction-human,热量限制与人体衰老,Caloric Restriction in Humans,pubmed-36521448,finding-pubmed-36521448,36521448,10.2903/j.efsa.2010.1459,2023,Obesity facts,European Association for the Study of Obesity Position Statement on Medical Nutrition Therapy for the Management of Overweight and Obesity in Adults Developed in Collaboration with the European Federation of the Associations of Dietitians.,systematic_review_or_meta_analysis,H1,B,90,0,AMSTAR 2,P2,该条属于 A/B 级公开主题的核心候选文献，按等级、质量分、影响力和年份优先排序进入人工复核队列。,读取全文或摘要细节；按指定工具完成人工偏倚/方法学复核；确认该条是否支持公开 claim。,queued_not_started,,,https://pubmed.ncbi.nlm.nih.gov/36521448/,content/papers/pubmed-36521448.md,2026-07-29
core-healthspan-caloric-restriction-human-03,healthspan,caloric-restriction-human,热量限制与人体衰老,Caloric Restriction in Humans,pubmed-22718956,finding-pubmed-22718956,22718956,10.1016/j.cmet.2011.10.002,2012,Biology letters,The effect of resveratrol on longevity across species: a meta-analysis.,systematic_review_or_meta_analysis,H1,B,90,0,AMSTAR 2,P2,该条属于 A/B 级公开主题的核心候选文献，按等级、质量分、影响力和年份优先排序进入人工复核队列。,读取全文或摘要细节；按指定工具完成人工偏倚/方法学复核；确认该条是否支持公开 claim。,queued_not_started,,,https://pubmed.ncbi.nlm.nih.gov/22718956/,content/papers/pubmed-22718956.md,2026-07-29
core-healthspan-caloric-restriction-human-04,healthspan,caloric-restriction-human,热量限制与人体衰老,Caloric Restriction in Humans,pubmed-40289996,finding-pubmed-40289996,40289996,10.1016/j.ctim.2021.102798,2025,Nutrients,Exercise Mimetics in Aging: Suggestions from a Systematic Review.,systematic_review_or_meta_analysis,H2,B,85,0,AMSTAR 2,P2,该条属于 A/B 级公开主题的核心候选文献，按等级、质量分、影响力和年份优先排序进入人工复核队列。,读取全文或摘要细节；按指定工具完成人工偏倚/方法学复核；确认该条是否支持公开 claim。,queued_not_started,,,https://pubmed.ncbi.nlm.nih.gov/40289996/,content/papers/pubmed-40289996.md,2026-07-29
core-healthspan-caloric-restriction-human-05,healthspan,caloric-restriction-human,热量限制与人体衰老,Caloric Restriction in Humans,pubmed-39267053,finding-pubmed-39267053,39267053,10.1097/00005768-200106001-00021,2024,Cardiovascular diabetology,Effects of dietary interventions and intermittent fasting on HDL function in obese individuals with T2DM: a randomized controlled trial.,human_randomized_or_clinical_trial,H1,B,85,0,Cochrane RoB 2,P2,该条属于 A/B 级公开主题的核心候选文献，按等级、质量分、影响力和年份优先排序进入人工复核队列。,读取全文或摘要细节；按指定工具完成人工偏倚/方法学复核；确认该条是否支持公开 claim。,queued_not_started,,,https://pubmed.ncbi.nlm.nih.gov/39267053/,content/papers/pubmed-39267053.md,2026-07-29
core-healthspan-time-restricted-eating-01,healthspan,time-restricted-eating,限时进食与代谢健康,Time-Restricted Eating and Metabolic Health,pubmed-40970988,finding-pubmed-40970988,40970988,10.1016/j.clnu.2016.07.015,2025,Supportive care in cancer : official journal of the Multinational Association of Supportive Care in Cancer,Impact of intermittent fasting on patients with cancer undergoing chemotherapy and/or targeted therapies: a systematic review of the literature.,systematic_review_or_meta_analysis,H1,B,90,0,AMSTAR 2,P2,该条属于 A/B 级公开主题的核心候选文献，按等级、质量分、影响力和年份优先排序进入人工复核队列。,读取全文或摘要细节；按指定工具完成人工偏倚/方法学复核；确认该条是否支持公开 claim。,queued_not_started,,,https://pubmed.ncbi.nlm.nih.gov/40970988/,content/papers/pubmed-40970988.md,2026-07-29
core-healthspan-time-restricted-eating-02,healthspan,time-restricted-eating,限时进食与代谢健康,Time-Restricted Eating and Metabolic Health,pubmed-39696154,finding-pubmed-39696154,39696154,10.1111/mcn.13135,2024,BMC public health,Ramadan fasting as a form of time-restricted eating during pregnancy and long-term health effects in offspring: a narrative systematic review.,systematic_review_or_meta_analysis,H1,B,90,0,AMSTAR 2,P2,该条属于 A/B 级公开主题的核心候选文献，按等级、质量分、影响力和年份优先排序进入人工复核队列。,读取全文或摘要细节；按指定工具完成人工偏倚/方法学复核；确认该条是否支持公开 claim。,queued_not_started,,,https://pubmed.ncbi.nlm.nih.gov/39696154/,content/papers/pubmed-39696154.md,2026-07-29
core-healthspan-time-restricted-eating-03,healthspan,time-restricted-eating,限时进食与代谢健康,Time-Restricted Eating and Metabolic Health,pubmed-34919135,finding-pubmed-34919135,34919135,10.1038/s41467-019-08829-3,2021,JAMA network open,Intermittent Fasting and Obesity-Related Health Outcomes: An Umbrella Review of Meta-analyses of Randomized Clinical Trials.,systematic_review_or_meta_analysis,H1,B,90,0,AMSTAR 2,P2,该条属于 A/B 级公开主题的核心候选文献，按等级、质量分、影响力和年份优先排序进入人工复核队列。,读取全文或摘要细节；按指定工具完成人工偏倚/方法学复核；确认该条是否支持公开 claim。,queued_not_started,,,https://pubmed.ncbi.nlm.nih.gov/34919135/,content/papers/pubmed-34919135.md,2026-07-29
core-healthspan-time-restricted-eating-04,healthspan,time-restricted-eating,限时进食与代谢健康,Time-Restricted Eating and Metabolic Health,pubmed-41692034,finding-pubmed-41692034,41692034,10.1146/annurev-nutr-052020-041327,2026,The Cochrane database of systematic reviews,Intermittent fasting for adults with overweight or obesity.,systematic_review_or_meta_analysis,H2,B,85,0,AMSTAR 2,P2,该条属于 A/B 级公开主题的核心候选文献，按等级、质量分、影响力和年份优先排序进入人工复核队列。,读取全文或摘要细节；按指定工具完成人工偏倚/方法学复核；确认该条是否支持公开 claim。,queued_not_started,,,https://pubmed.ncbi.nlm.nih.gov/41692034/,content/papers/pubmed-41692034.md,2026-07-29
core-healthspan-time-restricted-eating-05,healthspan,time-restricted-eating,限时进食与代谢健康,Time-Restricted Eating and Metabolic Health,pubmed-41459076,finding-pubmed-41459076,41459076,10.1016/j.nutres.2012.06.021,2025,Frontiers in nutrition,Intermittent fasting improves metabolic outcomes in metabolic syndrome: a systematic review and meta-analysis with GRADE evaluation.,systematic_review_or_meta_analysis,H2,B,85,0,AMSTAR 2,P2,该条属于 A/B 级公开主题的核心候选文献，按等级、质量分、影响力和年份优先排序进入人工复核队列。,读取全文或摘要细节；按指定工具完成人工偏倚/方法学复核；确认该条是否支持公开 claim。,queued_not_started,,,https://pubmed.ncbi.nlm.nih.gov/41459076/,content/papers/pubmed-41459076.md,2026-07-29
core-healthspan-metformin-aging-01,healthspan,metformin-aging,二甲双胍与衰老,Metformin and Aging,pubmed-39819905,finding-pubmed-39819905,39819905,10.1097/WNR.0000000000001190,2025,BMJ open,Effect of metformin on the clinical outcomes of stroke in patients with diabetes: a systematic review and meta-analysis.,systematic_review_or_meta_analysis,H1,B,90,0,AMSTAR 2,P2,该条属于 A/B 级公开主题的核心候选文献，按等级、质量分、影响力和年份优先排序进入人工复核队列。,读取全文或摘要细节；按指定工具完成人工偏倚/方法学复核；确认该条是否支持公开 claim。,queued_not_started,,,https://pubmed.ncbi.nlm.nih.gov/39819905/,content/papers/pubmed-39819905.md,2026-07-29
core-healthspan-metformin-aging-02,healthspan,metformin-aging,二甲双胍与衰老,Metformin and Aging,pubmed-39277567,finding-pubmed-39277567,39277567,10.1002/ejhf.3024,2025,Endocrine,Clinical outcomes in type 2 diabetes patients with chronic heart failure treated with metformin: a meta-analysis.,systematic_review_or_meta_analysis,H1,B,90,0,AMSTAR 2,P2,该条属于 A/B 级公开主题的核心候选文献，按等级、质量分、影响力和年份优先排序进入人工复核队列。,读取全文或摘要细节；按指定工具完成人工偏倚/方法学复核；确认该条是否支持公开 claim。,queued_not_started,,,https://pubmed.ncbi.nlm.nih.gov/39277567/,content/papers/pubmed-39277567.md,2026-07-29
core-healthspan-metformin-aging-03,healthspan,metformin-aging,二甲双胍与衰老,Metformin and Aging,pubmed-38683419,finding-pubmed-38683419,38683419,10.1042/BST20200505,2024,Therapeutic innovation & regulatory science,The Effect of Antihyperglycemic Medications on COVID-19: A Meta-analysis and Systematic Review from Observational Studies.,systematic_review_or_meta_analysis,H1,B,90,0,AMSTAR 2,P2,该条属于 A/B 级公开主题的核心候选文献，按等级、质量分、影响力和年份优先排序进入人工复核队列。,读取全文或摘要细节；按指定工具完成人工偏倚/方法学复核；确认该条是否支持公开 claim。,queued_not_started,,,https://pubmed.ncbi.nlm.nih.gov/38683419/,content/papers/pubmed-38683419.md,2026-07-29
core-healthspan-metformin-aging-04,healthspan,metformin-aging,二甲双胍与衰老,Metformin and Aging,pubmed-38589722,finding-pubmed-38589722,38589722,10.1016/j.ijcard.2019.03.021,2024,"American journal of cardiovascular drugs : drugs, devices, and other interventions",Evaluation of the Lifetime Benefits of Metformin and SGLT2 Inhibitors in Type 2 Diabetes Mellitus Patients with Cardiovascular Disease: A Systematic Review and Two-Stage Meta-Analysis.,systematic_review_or_meta_analysis,H1,B,90,0,AMSTAR 2,P2,该条属于 A/B 级公开主题的核心候选文献，按等级、质量分、影响力和年份优先排序进入人工复核队列。,读取全文或摘要细节；按指定工具完成人工偏倚/方法学复核；确认该条是否支持公开 claim。,queued_not_started,,,https://pubmed.ncbi.nlm.nih.gov/38589722/,content/papers/pubmed-38589722.md,2026-07-29
core-healthspan-metformin-aging-05,healthspan,metformin-aging,二甲双胍与衰老,Metformin and Aging,pubmed-37526857,finding-pubmed-37526857,37526857,10.1158/0008-5472.CAN-06-1500,2024,Journal of gastrointestinal cancer,Effect of Metformin Use on Survival and Recurrence Rate of Gastric Cancer After Gastrectomy in Diabetic Patients: A Systematic Review and Meta-analysis of Observational Studies.,systematic_review_or_meta_analysis,H1,B,90,0,AMSTAR 2,P2,该条属于 A/B 级公开主题的核心候选文献，按等级、质量分、影响力和年份优先排序进入人工复核队列。,读取全文或摘要细节；按指定工具完成人工偏倚/方法学复核；确认该条是否支持公开 claim。,queued_not_started,,,https://pubmed.ncbi.nlm.nih.gov/37526857/,content/papers/pubmed-37526857.md,2026-07-29
core-healthspan-epigenetic-clocks-01,healthspan,epigenetic-clocks,表观遗传时钟,Epigenetic Clocks,pubmed-41756167,finding-pubmed-41756167,41756167,10.1038/s41575-024-00913-4,2026,iLIVER,Biological aging across the metabolic dysfunction-associated steatotic liver disease spectrum: A systematic review.,systematic_review_or_meta_analysis,H1,B,90,0,AMSTAR 2,P2,该条属于 A/B 级公开主题的核心候选文献，按等级、质量分、影响力和年份优先排序进入人工复核队列。,读取全文或摘要细节；按指定工具完成人工偏倚/方法学复核；确认该条是否支持公开 claim。,queued_not_started,,,https://pubmed.ncbi.nlm.nih.gov/41756167/,content/papers/pubmed-41756167.md,2026-07-29
core-healthspan-epigenetic-clocks-02,healthspan,epigenetic-clocks,表观遗传时钟,Epigenetic Clocks,pubmed-41580776,finding-pubmed-41580776,41580776,10.1186/s13148-025-02047-z,2026,Clinical epigenetics,The impact of adverse childhood experiences on DNA methylation age: a systematic review and meta-analysis.,systematic_review_or_meta_analysis,H1,B,90,0,AMSTAR 2,P2,该条属于 A/B 级公开主题的核心候选文献，按等级、质量分、影响力和年份优先排序进入人工复核队列。,读取全文或摘要细节；按指定工具完成人工偏倚/方法学复核；确认该条是否支持公开 claim。,queued_not_started,,,https://pubmed.ncbi.nlm.nih.gov/41580776/,content/papers/pubmed-41580776.md,2026-07-29
core-healthspan-epigenetic-clocks-03,healthspan,epigenetic-clocks,表观遗传时钟,Epigenetic Clocks,pubmed-41281553,finding-pubmed-41281553,41281553,10.1155/2022/1949718,2025,Frontiers in neurology,Accelerated biological aging based on DNA methylation clocks is a predictor of stroke occurrence: a systematic review and meta-analysis.,systematic_review_or_meta_analysis,H1,B,90,0,AMSTAR 2,P2,该条属于 A/B 级公开主题的核心候选文献，按等级、质量分、影响力和年份优先排序进入人工复核队列。,读取全文或摘要细节；按指定工具完成人工偏倚/方法学复核；确认该条是否支持公开 claim。,queued_not_started,,,https://pubmed.ncbi.nlm.nih.gov/41281553/,content/papers/pubmed-41281553.md,2026-07-29
core-healthspan-epigenetic-clocks-04,healthspan,epigenetic-clocks,表观遗传时钟,Epigenetic Clocks,pubmed-38856830,finding-pubmed-38856830,38856830,10.1016/j.hpb.2020.12.009,2024,Annals of surgical oncology,Frailty Increases Morbidity and Mortality in Patients Undergoing Oncological Liver Resections: A Systematic Review and Meta-analysis.,systematic_review_or_meta_analysis,H1,B,90,0,AMSTAR 2,P2,该条属于 A/B 级公开主题的核心候选文献，按等级、质量分、影响力和年份优先排序进入人工复核队列。,读取全文或摘要细节；按指定工具完成人工偏倚/方法学复核；确认该条是否支持公开 claim。,queued_not_started,,,https://pubmed.ncbi.nlm.nih.gov/38856830/,content/papers/pubmed-38856830.md,2026-07-29
core-healthspan-epigenetic-clocks-05,healthspan,epigenetic-clocks,表观遗传时钟,Epigenetic Clocks,pubmed-38589929,finding-pubmed-38589929,38589929,10.18637/jss.v033.i01,2024,Clinical epigenetics,"Meta-analysis of epigenetic aging in schizophrenia reveals multifaceted relationships with age, sex, illness duration, and polygenic risk.",systematic_review_or_meta_analysis,H1,B,90,0,AMSTAR 2,P2,该条属于 A/B 级公开主题的核心候选文献，按等级、质量分、影响力和年份优先排序进入人工复核队列。,读取全文或摘要细节；按指定工具完成人工偏倚/方法学复核；确认该条是否支持公开 claim。,queued_not_started,,,https://pubmed.ncbi.nlm.nih.gov/38589929/,content/papers/pubmed-38589929.md,2026-07-29
core-healthspan-microbiome-inflammaging-01,healthspan,microbiome-inflammaging,微生物组与炎症性衰老,Microbiome and Inflammaging,pubmed-41879310,finding-pubmed-41879310,41879310,10.1631/jzus.B2300641,2026,mSystems,The respiratory microbiome in pulmonary tuberculosis: a meta-analysis reveals niche-specific microbial and functional signatures.,systematic_review_or_meta_analysis,H1,B,90,0,AMSTAR 2,P2,该条属于 A/B 级公开主题的核心候选文献，按等级、质量分、影响力和年份优先排序进入人工复核队列。,读取全文或摘要细节；按指定工具完成人工偏倚/方法学复核；确认该条是否支持公开 claim。,queued_not_started,,,https://pubmed.ncbi.nlm.nih.gov/41879310/,content/papers/pubmed-41879310.md,2026-07-29
core-healthspan-microbiome-inflammaging-02,healthspan,microbiome-inflammaging,微生物组与炎症性衰老,Microbiome and Inflammaging,pubmed-42434011,finding-pubmed-42434011,42434011,10.1186/s12931-020-01552-4,2026,Frontiers in medicine,Associations of the systemic immune-inflammation index and systemic inflammatory response index with chronic obstructive pulmonary disease: a systematic review and meta-analysis.,systematic_review_or_meta_analysis,H1,B,90,0,AMSTAR 2,P2,该条属于 A/B 级公开主题的核心候选文献，按等级、质量分、影响力和年份优先排序进入人工复核队列。,读取全文或摘要细节；按指定工具完成人工偏倚/方法学复核；确认该条是否支持公开 claim。,queued_not_started,,,https://pubmed.ncbi.nlm.nih.gov/42434011/,content/papers/pubmed-42434011.md,2026-07-29
core-healthspan-microbiome-inflammaging-03,healthspan,microbiome-inflammaging,微生物组与炎症性衰老,Microbiome and Inflammaging,pubmed-41408188,finding-pubmed-41408188,41408188,10.1136/bmj.n71,2025,BMC gastroenterology,Exploring the biliary microbiome in hepatopancreatobiliary disorders: a comprehensive systematic review of microbial signatures and diagnostic potential.,systematic_review_or_meta_analysis,H1,B,90,0,AMSTAR 2,P2,该条属于 A/B 级公开主题的核心候选文献，按等级、质量分、影响力和年份优先排序进入人工复核队列。,读取全文或摘要细节；按指定工具完成人工偏倚/方法学复核；确认该条是否支持公开 claim。,queued_not_started,,,https://pubmed.ncbi.nlm.nih.gov/41408188/,content/papers/pubmed-41408188.md,2026-07-29
core-healthspan-microbiome-inflammaging-04,healthspan,microbiome-inflammaging,微生物组与炎症性衰老,Microbiome and Inflammaging,pubmed-40826128,finding-pubmed-40826128,40826128,10.1186/s13054-025-05548-8,2025,"Critical care (London, England)",Composition and diversity of the pulmonary microbiome in acute respiratory distress syndrome: a systematic review.,systematic_review_or_meta_analysis,H1,B,90,0,AMSTAR 2,P2,该条属于 A/B 级公开主题的核心候选文献，按等级、质量分、影响力和年份优先排序进入人工复核队列。,读取全文或摘要细节；按指定工具完成人工偏倚/方法学复核；确认该条是否支持公开 claim。,queued_not_started,,,https://pubmed.ncbi.nlm.nih.gov/40826128/,content/papers/pubmed-40826128.md,2026-07-29
core-healthspan-microbiome-inflammaging-05,healthspan,microbiome-inflammaging,微生物组与炎症性衰老,Microbiome and Inflammaging,pubmed-40806090,finding-pubmed-40806090,40806090,10.1186/s12866-021-02415-8,2025,Nutrients,Prebiotics Improve Blood Pressure Control by Modulating Gut Microbiome Composition and Function: A Systematic Review and Meta-Analysis.,systematic_review_or_meta_analysis,H1,B,90,0,AMSTAR 2,P2,该条属于 A/B 级公开主题的核心候选文献，按等级、质量分、影响力和年份优先排序进入人工复核队列。,读取全文或摘要细节；按指定工具完成人工偏倚/方法学复核；确认该条是否支持公开 claim。,queued_not_started,,,https://pubmed.ncbi.nlm.nih.gov/40806090/,content/papers/pubmed-40806090.md,2026-07-29
core-skin_beauty-sunscreen-photoaging-prevention-01,skin_beauty,sunscreen-photoaging-prevention,防晒与光老化预防,Sunscreen and Photoaging Prevention,pubmed-23732711,skin-sunscreen-photoaging-prevention-011,23732711,10.7326/0003-4819-158-11-201306040-00002,2013,Annals of internal medicine,Sunscreen and prevention of skin aging: a randomized trial.,human_randomized_or_clinical_trial,S1,C,63,0,Cochrane RoB 2,P1,该条属于 A/B 级公开主题的核心候选文献，按等级、质量分、影响力和年份优先排序进入人工复核队列。,读取全文或摘要细节；按指定工具完成人工偏倚/方法学复核；确认该条是否支持公开 claim。,queued_not_started,,,https://pubmed.ncbi.nlm.nih.gov/23732711/,content/papers/pubmed-23732711.md,2026-07-29
core-skin_beauty-sunscreen-photoaging-prevention-02,skin_beauty,sunscreen-photoaging-prevention,防晒与光老化预防,Sunscreen and Photoaging Prevention,pubmed-34387824,skin-sunscreen-photoaging-prevention-001,34387824,10.1111/phpp.12297,2021,American journal of clinical dermatology,Sunscreens and Photoaging: A Review of Current Literature.,narrative_review,S1,C,49,0,domain screen,P1,该条属于 A/B 级公开主题的核心候选文献，按等级、质量分、影响力和年份优先排序进入人工复核队列。,读取全文或摘要细节；按指定工具完成人工偏倚/方法学复核；确认该条是否支持公开 claim。,queued_not_started,,,https://pubmed.ncbi.nlm.nih.gov/34387824/,content/papers/pubmed-34387824.md,2026-07-29
core-skin_beauty-sunscreen-photoaging-prevention-03,skin_beauty,sunscreen-photoaging-prevention,防晒与光老化预防,Sunscreen and Photoaging Prevention,pubmed-36536536,skin-sunscreen-photoaging-prevention-014,36536536,10.1002/bab.2166,2023,Animal models and experimental medicine,Natural products and extracts from plants as natural UV filters for sunscreens: A review.,narrative_review,M,D,45,0,preclinical/domain screen,P1,该条属于 A/B 级公开主题的核心候选文献，按等级、质量分、影响力和年份优先排序进入人工复核队列。,读取全文或摘要细节；按指定工具完成人工偏倚/方法学复核；确认该条是否支持公开 claim。,queued_not_started,,,https://pubmed.ncbi.nlm.nih.gov/36536536/,content/papers/pubmed-36536536.md,2026-07-29
core-skin_beauty-sunscreen-photoaging-prevention-04,skin_beauty,sunscreen-photoaging-prevention,防晒与光老化预防,Sunscreen and Photoaging Prevention,pubmed-33655657,skin-sunscreen-photoaging-prevention-008,33655657,10.1111/jocd.14033,2021,Journal of cosmetic dermatology,The impact of ultraviolet radiation on skin photoaging - review of in vitro studies.,narrative_review,S1,D,43,0,domain screen,P1,该条属于 A/B 级公开主题的核心候选文献，按等级、质量分、影响力和年份优先排序进入人工复核队列。,读取全文或摘要细节；按指定工具完成人工偏倚/方法学复核；确认该条是否支持公开 claim。,queued_not_started,,,https://pubmed.ncbi.nlm.nih.gov/33655657/,content/papers/pubmed-33655657.md,2026-07-29
core-skin_beauty-sunscreen-photoaging-prevention-05,skin_beauty,sunscreen-photoaging-prevention,防晒与光老化预防,Sunscreen and Photoaging Prevention,pubmed-29981751,skin-sunscreen-photoaging-prevention-013,29981751,10.1016/j.jaad.2018.06.033,2019,Journal of the American Academy of Dermatology,Review of environmental effects of oxybenzone and other sunscreen active ingredients.,narrative_review,S1,D,42,0,domain screen,P1,该条属于 A/B 级公开主题的核心候选文献，按等级、质量分、影响力和年份优先排序进入人工复核队列。,读取全文或摘要细节；按指定工具完成人工偏倚/方法学复核；确认该条是否支持公开 claim。,queued_not_started,,,https://pubmed.ncbi.nlm.nih.gov/29981751/,content/papers/pubmed-29981751.md,2026-07-29
core-skin_beauty-retinoids-photoaging-01,skin_beauty,retinoids-photoaging,维A酸/视黄醇类与光老化,Retinoids and Photoaging,pubmed-40145274,skin-retinoids-photoaging-011,40145274,10.1111/jocd.70133,2025,Journal of cosmetic dermatology,Treatment of Solar Lentigines: A Systematic Review of Clinical Trials.,systematic_review_or_meta_analysis,S1,B,75,0,AMSTAR 2,P2,该条属于 A/B 级公开主题的核心候选文献，按等级、质量分、影响力和年份优先排序进入人工复核队列。,读取全文或摘要细节；按指定工具完成人工偏倚/方法学复核；确认该条是否支持公开 claim。,queued_not_started,,,https://pubmed.ncbi.nlm.nih.gov/40145274/,content/papers/pubmed-40145274.md,2026-07-29
core-skin_beauty-retinoids-photoaging-02,skin_beauty,retinoids-photoaging,维A酸/视黄醇类与光老化,Retinoids and Photoaging,pubmed-40707570,skin-retinoids-photoaging-020,40707570,10.1038/s41598-025-12597-0,2025,Scientific reports,Comparative efficacy of topical interventions for facial photoaging: a network meta-analysis.,systematic_review_or_meta_analysis,S1,B,75,0,AMSTAR 2,P2,该条属于 A/B 级公开主题的核心候选文献，按等级、质量分、影响力和年份优先排序进入人工复核队列。,读取全文或摘要细节；按指定工具完成人工偏倚/方法学复核；确认该条是否支持公开 claim。,queued_not_started,,,https://pubmed.ncbi.nlm.nih.gov/40707570/,content/papers/pubmed-40707570.md,2026-07-29
core-skin_beauty-retinoids-photoaging-03,skin_beauty,retinoids-photoaging,维A酸/视黄醇类与光老化,Retinoids and Photoaging,pubmed-39348007,skin-retinoids-photoaging-016,39348007,10.1016/j.recesp.2021.06.016,2024,American journal of clinical dermatology,Comparing Tretinoin to Other Topical Therapies in the Treatment of Skin Photoaging: A Systematic Review.,systematic_review_or_meta_analysis,S1,B,69,0,AMSTAR 2,P2,该条属于 A/B 级公开主题的核心候选文献，按等级、质量分、影响力和年份优先排序进入人工复核队列。,读取全文或摘要细节；按指定工具完成人工偏倚/方法学复核；确认该条是否支持公开 claim。,queued_not_started,,,https://pubmed.ncbi.nlm.nih.gov/39348007/,content/papers/pubmed-39348007.md,2026-07-29
core-skin_beauty-retinoids-photoaging-04,skin_beauty,retinoids-photoaging,维A酸/视黄醇类与光老化,Retinoids and Photoaging,pubmed-36176207,skin-retinoids-photoaging-007,36176207,10.1111/jocd.15420,2022,Journal of cosmetic dermatology,Applications of bakuchiol in dermatology: Systematic review of the literature.,systematic_review_or_meta_analysis,S1,C,62,0,AMSTAR 2,P2,该条属于 A/B 级公开主题的核心候选文献，按等级、质量分、影响力和年份优先排序进入人工复核队列。,读取全文或摘要细节；按指定工具完成人工偏倚/方法学复核；确认该条是否支持公开 claim。,queued_not_started,,,https://pubmed.ncbi.nlm.nih.gov/36176207/,content/papers/pubmed-36176207.md,2026-07-29
core-skin_beauty-retinoids-photoaging-05,skin_beauty,retinoids-photoaging,维A酸/视黄醇类与光老化,Retinoids and Photoaging,pubmed-39128883,skin-retinoids-photoaging-009,39128883,10.1111/ics.13013,2025,International journal of cosmetic science,"Cosmetic retinoid use in photoaged skin: A review of the compounds, their use and mechanisms of action.",narrative_review,S1,C,49,0,domain screen,P2,该条属于 A/B 级公开主题的核心候选文献，按等级、质量分、影响力和年份优先排序进入人工复核队列。,读取全文或摘要细节；按指定工具完成人工偏倚/方法学复核；确认该条是否支持公开 claim。,queued_not_started,,,https://pubmed.ncbi.nlm.nih.gov/39128883/,content/papers/pubmed-39128883.md,2026-07-29
core-skin_beauty-topical-vitamin-c-01,skin_beauty,topical-vitamin-c,维C外用与色素/胶原,Topical Vitamin C,pubmed-31975502,skin-topical-vitamin-c-014,31975502,10.1111/jocd.13305,2020,Journal of cosmetic dermatology,"Anti-aging and brightening effects of a topical treatment containing vitamin C, vitamin E, and raspberry leaf cell culture extract: A split-face, randomized controlled trial.",human_randomized_or_clinical_trial,S1,B,70,0,Cochrane RoB 2,P2,该条属于 A/B 级公开主题的核心候选文献，按等级、质量分、影响力和年份优先排序进入人工复核队列。,读取全文或摘要细节；按指定工具完成人工偏倚/方法学复核；确认该条是否支持公开 claim。,queued_not_started,,,https://pubmed.ncbi.nlm.nih.gov/31975502/,content/papers/pubmed-31975502.md,2026-07-29
core-skin_beauty-topical-vitamin-c-02,skin_beauty,topical-vitamin-c,维C外用与色素/胶原,Topical Vitamin C,pubmed-37128827,skin-topical-vitamin-c-005,37128827,10.1111/jocd.15748,2023,Journal of cosmetic dermatology,Efficacy of topical vitamin C in melasma and photoaging: A systematic review.,systematic_review_or_meta_analysis,S1,B,68,0,AMSTAR 2,P2,该条属于 A/B 级公开主题的核心候选文献，按等级、质量分、影响力和年份优先排序进入人工复核队列。,读取全文或摘要细节；按指定工具完成人工偏倚/方法学复核；确认该条是否支持公开 claim。,queued_not_started,,,https://pubmed.ncbi.nlm.nih.gov/37128827/,content/papers/pubmed-37128827.md,2026-07-29
core-skin_beauty-topical-vitamin-c-03,skin_beauty,topical-vitamin-c,维C外用与色素/胶原,Topical Vitamin C,pubmed-33857549,skin-topical-vitamin-c-020,33857549,10.1016/j.jaad.2021.03.116,2022,Journal of the American Academy of Dermatology,Microneedling as an adjuvant to topical therapies for melasma: A systematic review and meta-analysis.,systematic_review_or_meta_analysis,S1,B,68,0,AMSTAR 2,P2,该条属于 A/B 级公开主题的核心候选文献，按等级、质量分、影响力和年份优先排序进入人工复核队列。,读取全文或摘要细节；按指定工具完成人工偏倚/方法学复核；确认该条是否支持公开 claim。,queued_not_started,,,https://pubmed.ncbi.nlm.nih.gov/33857549/,content/papers/pubmed-33857549.md,2026-07-29
core-skin_beauty-topical-vitamin-c-04,skin_beauty,topical-vitamin-c,维C外用与色素/胶原,Topical Vitamin C,pubmed-36009324,skin-topical-vitamin-c-013,36009324,10.1159/000129395,2022,"Antioxidants (Basel, Switzerland)",A Systematic Review on the Role of Vitamin C in Tissue Healing.,systematic_review_or_meta_analysis,S2,D,68,0,AMSTAR 2,P2,该条属于 A/B 级公开主题的核心候选文献，按等级、质量分、影响力和年份优先排序进入人工复核队列。,读取全文或摘要细节；按指定工具完成人工偏倚/方法学复核；确认该条是否支持公开 claim。,queued_not_started,,,https://pubmed.ncbi.nlm.nih.gov/36009324/,content/papers/pubmed-36009324.md,2026-07-29
core-skin_beauty-topical-vitamin-c-05,skin_beauty,topical-vitamin-c,维C外用与色素/胶原,Topical Vitamin C,pubmed-30386805,skin-topical-vitamin-c-016,30386805,10.1177/2325967118804544,2018,Orthopaedic journal of sports medicine,Efficacy of Vitamin C Supplementation on Collagen Synthesis and Oxidative Stress After Musculoskeletal Injuries: A Systematic Review.,systematic_review_or_meta_analysis,S2,D,68,0,AMSTAR 2,P2,该条属于 A/B 级公开主题的核心候选文献，按等级、质量分、影响力和年份优先排序进入人工复核队列。,读取全文或摘要细节；按指定工具完成人工偏倚/方法学复核；确认该条是否支持公开 claim。,queued_not_started,,,https://pubmed.ncbi.nlm.nih.gov/30386805/,content/papers/pubmed-30386805.md,2026-07-29
core-skin_beauty-energy-devices-resurfacing-01,skin_beauty,energy-devices-resurfacing,医美能量设备和换肤类干预,"Energy Devices, Peels, and Resurfacing",pubmed-40542236,skin-energy-devices-resurfacing-013,40542236,10.1111/dth.14000,2025,Aesthetic plastic surgery,Microneedling for Facial Rejuvenation: A Systematic Review.,systematic_review_or_meta_analysis,S1,B,75,0,AMSTAR 2,P2,该条属于 A/B 级公开主题的核心候选文献，按等级、质量分、影响力和年份优先排序进入人工复核队列。,读取全文或摘要细节；按指定工具完成人工偏倚/方法学复核；确认该条是否支持公开 claim。,queued_not_started,,,https://pubmed.ncbi.nlm.nih.gov/40542236/,content/papers/pubmed-40542236.md,2026-07-29
core-skin_beauty-energy-devices-resurfacing-02,skin_beauty,energy-devices-resurfacing,医美能量设备和换肤类干预,"Energy Devices, Peels, and Resurfacing",pubmed-28690124,skin-energy-devices-resurfacing-006,28690124,10.1016/j.bjps.2017.06.006,2018,"Journal of plastic, reconstructive & aesthetic surgery : JPRAS",Microneedling: Where do we stand now? A systematic review of the literature.,systematic_review_or_meta_analysis,S1,B,68,0,AMSTAR 2,P2,该条属于 A/B 级公开主题的核心候选文献，按等级、质量分、影响力和年份优先排序进入人工复核队列。,读取全文或摘要细节；按指定工具完成人工偏倚/方法学复核；确认该条是否支持公开 claim。,queued_not_started,,,https://pubmed.ncbi.nlm.nih.gov/28690124/,content/papers/pubmed-28690124.md,2026-07-29
core-skin_beauty-energy-devices-resurfacing-03,skin_beauty,energy-devices-resurfacing,医美能量设备和换肤类干预,"Energy Devices, Peels, and Resurfacing",pubmed-39731267,skin-energy-devices-resurfacing-008,39731267,10.3791/66015,2025,Journal of cosmetic dermatology,Review of Applications of Microneedling in Melasma.,narrative_review,S1,C,55,0,domain screen,P2,该条属于 A/B 级公开主题的核心候选文献，按等级、质量分、影响力和年份优先排序进入人工复核队列。,读取全文或摘要细节；按指定工具完成人工偏倚/方法学复核；确认该条是否支持公开 claim。,queued_not_started,,,https://pubmed.ncbi.nlm.nih.gov/39731267/,content/papers/pubmed-39731267.md,2026-07-29
core-skin_beauty-energy-devices-resurfacing-04,skin_beauty,energy-devices-resurfacing,医美能量设备和换肤类干预,"Energy Devices, Peels, and Resurfacing",pubmed-39449889,skin-energy-devices-resurfacing-002,39449889,10.7759/cureus.70033,2024,Cureus,"Microneedling in Dermatology: A Comprehensive Review of Applications, Techniques, and Outcomes.",narrative_review,S1,C,49,0,domain screen,P2,该条属于 A/B 级公开主题的核心候选文献，按等级、质量分、影响力和年份优先排序进入人工复核队列。,读取全文或摘要细节；按指定工具完成人工偏倚/方法学复核；确认该条是否支持公开 claim。,queued_not_started,,,https://pubmed.ncbi.nlm.nih.gov/39449889/,content/papers/pubmed-39449889.md,2026-07-29
core-skin_beauty-energy-devices-resurfacing-05,skin_beauty,energy-devices-resurfacing,医美能量设备和换肤类干预,"Energy Devices, Peels, and Resurfacing",pubmed-38816973,skin-energy-devices-resurfacing-001,38816973,10.5021/ad.23.133,2024,Annals of dermatology,Update on Melasma Treatments.,metadata_only_needs_classification,S1,D,30,0,AMSTAR 2,P2,该条属于 A/B 级公开主题的核心候选文献，按等级、质量分、影响力和年份优先排序进入人工复核队列。,读取全文或摘要细节；按指定工具完成人工偏倚/方法学复核；确认该条是否支持公开 claim。,queued_not_started,,,https://pubmed.ncbi.nlm.nih.gov/38816973/,content/papers/pubmed-38816973.md,2026-07-29
core-skin_beauty-pdrn-polynucleotide-skin-boosters-01,skin_beauty,pdrn-polynucleotide-skin-boosters,PDRN/PN 与 Skin Booster,PDRN / Polynucleotide / Skin Booster,pubmed-39645667,skin-pdrn-polynucleotide-skin-boosters-017,39645667,10.1016/j.fsc.2019.03.005,2025,Journal of cosmetic dermatology,The Effectiveness of Polynucleotides in Esthetic Medicine: A Systematic Review.,systematic_review_or_meta_analysis,S1,B,67,0,AMSTAR 2,P2,该条属于 A/B 级公开主题的核心候选文献，按等级、质量分、影响力和年份优先排序进入人工复核队列。,读取全文或摘要细节；按指定工具完成人工偏倚/方法学复核；确认该条是否支持公开 claim。,queued_not_started,,,https://pubmed.ncbi.nlm.nih.gov/39645667/,content/papers/pubmed-39645667.md,2026-07-29
core-skin_beauty-pdrn-polynucleotide-skin-boosters-02,skin_beauty,pdrn-polynucleotide-skin-boosters,PDRN/PN 与 Skin Booster,PDRN / Polynucleotide / Skin Booster,pubmed-39313949,skin-pdrn-polynucleotide-skin-boosters-001,39313949,10.1111/dth.12299,2025,Journal of cosmetic dermatology,"A Randomized, Participant- and Evaluator-Blinded, Matched-Pair, Prospective Study Comparing the Safety and Efficacy Between Polycaprolactone and Polynucleotide Fillers in the Correction of Crow's Feet.",human_cohort,S1,C,57,0,ROBINS-I,P2,该条属于 A/B 级公开主题的核心候选文献，按等级、质量分、影响力和年份优先排序进入人工复核队列。,读取全文或摘要细节；按指定工具完成人工偏倚/方法学复核；确认该条是否支持公开 claim。,queued_not_started,,,https://pubmed.ncbi.nlm.nih.gov/39313949/,content/papers/pubmed-39313949.md,2026-07-29
core-skin_beauty-pdrn-polynucleotide-skin-boosters-03,skin_beauty,pdrn-polynucleotide-skin-boosters,PDRN/PN 与 Skin Booster,PDRN / Polynucleotide / Skin Booster,pubmed-39198280,skin-pdrn-polynucleotide-skin-boosters-018,39198280,10.1136/bmj.o1516,2025,Aesthetic plastic surgery,Regenerative Aesthetics: A Genuine Frontier or Just a Facet of Regenerative Medicine: A Systematic Review.,systematic_review_or_meta_analysis,M,D,51,0,AMSTAR 2,P2,该条属于 A/B 级公开主题的核心候选文献，按等级、质量分、影响力和年份优先排序进入人工复核队列。,读取全文或摘要细节；按指定工具完成人工偏倚/方法学复核；确认该条是否支持公开 claim。,queued_not_started,,,https://pubmed.ncbi.nlm.nih.gov/39198280/,content/papers/pubmed-39198280.md,2026-07-29
core-skin_beauty-pdrn-polynucleotide-skin-boosters-04,skin_beauty,pdrn-polynucleotide-skin-boosters,PDRN/PN 与 Skin Booster,PDRN / Polynucleotide / Skin Booster,pubmed-34791770,skin-pdrn-polynucleotide-skin-boosters-003,34791770,10.1111/jocd.14578,2022,Journal of cosmetic dermatology,PN-HPT® (Polynucleotides Highly Purified Technology) in facial middle third rejuvenation. Exploring the potential.,human_cohort,S2,D,50,0,ROBINS-I,P2,该条属于 A/B 级公开主题的核心候选文献，按等级、质量分、影响力和年份优先排序进入人工复核队列。,读取全文或摘要细节；按指定工具完成人工偏倚/方法学复核；确认该条是否支持公开 claim。,queued_not_started,,,https://pubmed.ncbi.nlm.nih.gov/34791770/,content/papers/pubmed-34791770.md,2026-07-29
core-skin_beauty-pdrn-polynucleotide-skin-boosters-05,skin_beauty,pdrn-polynucleotide-skin-boosters,PDRN/PN 与 Skin Booster,PDRN / Polynucleotide / Skin Booster,pubmed-25473210,skin-pdrn-polynucleotide-skin-boosters-004,25473210,10.3346/jkms.2014.29.S3.S201,2014,Journal of Korean medical science,"A phase III, randomized, double-blind, matched-pairs, active-controlled clinical trial and preclinical animal study to compare the durability, efficacy and safety between polynucleotide filler and hyaluronic acid filler in the correction of crow's feet: a new concept of regenerative filler.",animal_study,S1,D,35,0,preclinical/domain screen,P2,该条属于 A/B 级公开主题的核心候选文献，按等级、质量分、影响力和年份优先排序进入人工复核队列。,读取全文或摘要细节；按指定工具完成人工偏倚/方法学复核；确认该条是否支持公开 claim。,queued_not_started,,,https://pubmed.ncbi.nlm.nih.gov/25473210/,content/papers/pubmed-25473210.md,2026-07-29
