编号,领域,主题,证据,一句话,一句话总结,常见误解,注意,打开,研究版路径,更新日期
T001,健康寿命,心肺适能与死亡风险,A：较强,目前最值得优先关注的健康寿命指标之一；较高心肺适能与更低死亡和心血管风险高度相关。,简单说，就是心肺能力越好，长期健康风险通常越低。不要突然猛练。,不要把群体研究直接当成个人方案。 可作为生活方式优先方向；个体运动处方需结合年龄、疾病和医生评估。,可能需要。只了解原则不用；准备尝试前要看个人情况。,研究版主题页,content/topics/cardiorespiratory-fitness.md,2026-08-09
T002,健康寿命,身体活动与健康寿命,A：较强,整体证据方向稳定：规律身体活动支持更好的健康结局和功能维持。,规律活动、少久坐，是最值得先做好的基础方向之一。,不要把群体研究直接当成个人方案。 支持行动方向，不等于给出单一万能运动处方。,可能需要。只了解原则不用；准备尝试前要看个人情况。,研究版主题页,content/topics/physical-activity-healthspan.md,2026-08-09
T003,健康寿命,抗阻训练、肌肉与衰弱,A：较强,肌肉量、力量和功能是健康寿命的关键支点；抗阻训练是高优先级主题。,中年以后，肌肉和力量很重要；训练要循序渐进。,不要把群体研究直接当成个人方案。 可作为健康管理重点；高龄、骨质疏松或慢病人群需专业评估。,可能需要。只了解原则不用；准备尝试前要看个人情况。,研究版主题页,content/topics/resistance-training-muscle.md,2026-08-09
T004,健康寿命,血压与健康寿命,A：较强,血压控制是心脑血管风险和健康寿命管理中证据最成熟的方向之一。,知道并管理血压，比追逐抗衰产品更重要。用药问题交给医生。,不要把群体研究直接当成个人方案。 支持监测和医学管理；不提供药物选择或剂量建议。,需要。疾病指标、处方药或医美操作，要专业评估。,研究版主题页,content/topics/blood-pressure-aging.md,2026-08-09
T005,健康寿命,LDL-C/apoB 与心血管风险,A：较强,动脉粥样硬化风险管理中的核心证据方向；apoB/LDL-C 是重要风险指标。,LDL-C 和 apoB 是心血管风险的重要指标；是否用药要医生判断。,不要把群体研究直接当成个人方案。 支持筛查和风险管理；药物治疗必须由医生决定。,需要。疾病指标、处方药或医美操作，要专业评估。,研究版主题页,content/topics/ldl-apob-cardiovascular-risk.md,2026-08-09
T006,健康寿命,饮食模式与死亡风险,A：较强,饮食模式比单一补剂更适合作为对外健康建议框架。,重点看整体饮食模式，不要迷信单一食物或超级补剂。,不要把群体研究直接当成个人方案。 支持模式层面的建议，不支持神化单一食物或补剂。,阅读不用；慢病、用药、孕期、高龄或明显不适时需要。,研究版主题页,content/topics/dietary-pattern-longevity.md,2026-08-09
T007,健康寿命,睡眠与健康结局,A：较强,睡眠是认知、代谢、心血管和整体健康的重要基础变量。,长期睡不好值得认真处理，打鼾严重或白天嗜睡要评估。,不要把群体研究直接当成个人方案。 支持识别和管理睡眠问题；严重失眠、睡眠呼吸暂停需医疗评估。,阅读不用；慢病、用药、孕期、高龄或明显不适时需要。,研究版主题页,content/topics/sleep-aging.md,2026-08-09
T008,健康寿命,GLP-1、减重与心代谢结局,A：较强,临床证据增长很快，主要价值在肥胖、糖代谢和心代谢风险管理。,这是处方药主题，不是普通抗衰工具。,不要把群体研究直接当成个人方案。 这是医疗主题，不是普通抗衰保健建议；必须医生监督。,需要。疾病指标、处方药或医美操作，要专业评估。,研究版主题页,content/topics/glp1-weight-cardiometabolic.md,2026-08-09
T009,健康寿命,热量限制与人体衰老,B：中等,人体证据有价值但边界明显，不能直接等同于延寿已证实。,少吃一点可能有代谢好处，但不等于人人都该节食。,不要把群体研究直接当成个人方案。 不建议盲目长期极端节食；需关注营养充足和个体风险。,阅读不用；慢病、用药、孕期、高龄或明显不适时需要。,研究版主题页,content/topics/caloric-restriction-human.md,2026-08-09
T010,健康寿命,限时进食与代谢健康,B：中等,可作为代谢健康候选策略，但证据强度和适用人群仍不稳定。,限时进食可关注，但不要把它当成万能减肥或延寿办法。,不要把群体研究直接当成个人方案。 糖尿病、孕期、进食障碍或用药人群不应自行尝试。,阅读不用；慢病、用药、孕期、高龄或明显不适时需要。,研究版主题页,content/topics/time-restricted-eating.md,2026-08-09
T011,健康寿命,二甲双胍与衰老,B：中等,二甲双胍与衰老 是重要候选方向，但公开结论必须区分成熟证据、机制线索和过度解读。,二甲双胍是药物，不是健康人随便吃的抗衰补剂。,不要把群体研究直接当成个人方案。 不支持把候选证据写成个人医疗、补剂或抗衰处方。,需要。疾病指标、处方药或医美操作，要专业评估。,研究版主题页,content/topics/metformin-aging.md,2026-08-09
T012,健康寿命,雷帕霉素/mTOR 与衰老,C：有限,雷帕霉素/mTOR 与衰老 是重要候选方向，但公开结论必须区分成熟证据、机制线索和过度解读。,雷帕霉素属于高风险药物方向，不能自行尝试。,不要把群体研究直接当成个人方案。 不支持把候选证据写成个人医疗、补剂或抗衰处方。,需要。疾病指标、处方药或医美操作，要专业评估。,研究版主题页,content/topics/rapamycin-mtor-aging.md,2026-08-09
T013,健康寿命,Senolytics 清除衰老细胞,C：有限,Senolytics 清除衰老细胞 是重要候选方向，但公开结论必须区分成熟证据、机制线索和过度解读。,清除衰老细胞是前沿方向，不是普通人自用方案。,不要把群体研究直接当成个人方案。 不支持把候选证据写成个人医疗、补剂或抗衰处方。,需要。疾病指标、处方药或医美操作，要专业评估。,研究版主题页,content/topics/senolytics.md,2026-08-09
T014,健康寿命,NAD/NMN/NR,C：有限,NAD/NMN/NR 是重要候选方向，但公开结论必须区分成熟证据、机制线索和过度解读。,NAD/NMN/NR 还属于候选方向，不等于已经证明能延寿。,不要把群体研究直接当成个人方案。 不支持把候选证据写成个人医疗、补剂或抗衰处方。,可能需要。只了解原则不用；准备尝试前要看个人情况。,研究版主题页,content/topics/nad-nmn-nr-aging.md,2026-08-09
T015,健康寿命,表观遗传时钟,B：中等,表观遗传时钟 是重要候选方向，但公开结论必须区分成熟证据、机制线索和过度解读。,表观遗传时钟是指标，不等于真正变年轻或活更久。,不要把群体研究直接当成个人方案。 不支持把候选证据写成个人医疗、补剂或抗衰处方。,可能需要。只了解原则不用；准备尝试前要看个人情况。,研究版主题页,content/topics/epigenetic-clocks.md,2026-08-09
T016,健康寿命,ITP 小鼠寿命干预,D：很早期,ITP 小鼠寿命干预 是重要候选方向，但公开结论必须区分成熟证据、机制线索和过度解读。,ITP 小鼠寿命干预 是重要候选方向，但公开结论必须区分成熟证据、机制线索和过度解读。,不要把群体研究直接当成个人方案。 不支持把候选证据写成个人医疗、补剂或抗衰处方。,可能需要。只了解原则不用；准备尝试前要看个人情况。,研究版主题页,content/topics/itp-mouse-lifespan.md,2026-08-09
T017,健康寿命,Klotho / IL-11,C：有限,Klotho / IL-11 是重要候选方向，但公开结论必须区分成熟证据、机制线索和过度解读。,Klotho / IL-11 是重要候选方向，但公开结论必须区分成熟证据、机制线索和过度解读。,不要把群体研究直接当成个人方案。 不支持把候选证据写成个人医疗、补剂或抗衰处方。,可能需要。只了解原则不用；准备尝试前要看个人情况。,研究版主题页,content/topics/klotho-il11-aging.md,2026-08-09
T018,健康寿命,部分重编程,D：很早期,部分重编程 是重要候选方向，但公开结论必须区分成熟证据、机制线索和过度解读。,部分重编程 是重要候选方向，但公开结论必须区分成熟证据、机制线索和过度解读。,不要把群体研究直接当成个人方案。 不支持把候选证据写成个人医疗、补剂或抗衰处方。,可能需要。只了解原则不用；准备尝试前要看个人情况。,研究版主题页,content/topics/partial-reprogramming.md,2026-08-09
T019,健康寿命,自噬/线粒体自噬,C：有限,自噬/线粒体自噬 是重要候选方向，但公开结论必须区分成熟证据、机制线索和过度解读。,自噬/线粒体自噬 是重要候选方向，但公开结论必须区分成熟证据、机制线索和过度解读。,不要把群体研究直接当成个人方案。 不支持把候选证据写成个人医疗、补剂或抗衰处方。,可能需要。只了解原则不用；准备尝试前要看个人情况。,研究版主题页,content/topics/autophagy-mitophagy.md,2026-08-09
T020,健康寿命,微生物组与炎症性衰老,B：中等,微生物组与炎症性衰老 是重要候选方向，但公开结论必须区分成熟证据、机制线索和过度解读。,微生物组与炎症性衰老 是重要候选方向，但公开结论必须区分成熟证据、机制线索和过度解读。,不要把群体研究直接当成个人方案。 不支持把候选证据写成个人医疗、补剂或抗衰处方。,可能需要。只了解原则不用；准备尝试前要看个人情况。,研究版主题页,content/topics/microbiome-inflammaging.md,2026-08-09
T021,皮肤外观,防晒与光老化预防,A：较强,广谱防晒/光防护对预防 UV 相关光老化属于皮肤美容图谱中最强、最可转化的证据方向之一；核心结论是预防和减缓光老化，而不是逆转所有皮肤老化。,防晒主要是预防和减缓光老化，不是逆转所有皮肤老化。,不要把皮肤水分、皱纹或色斑改善说成延寿或逆龄。 支持长期规范光防护作为皮肤健康基础；不支持把防晒写成逆龄治疗、替代医美或保证某个具体产品优于其他产品。,可能需要。只了解原则不用；准备尝试前要看个人情况。,研究版主题页,content/skin-beauty-topics/sunscreen-photoaging-prevention.md,2026-08-09
T022,皮肤外观,维A酸/视黄醇类与光老化,B：中等,外用维A酸类是光老化干预中研究较多的方向，核心终点是皱纹、粗糙、色素和真皮结构相关指标。,维A酸类有皮肤证据，但处方、刺激和孕期风险要重视。,不要把皮肤水分、皱纹或色斑改善说成延寿或逆龄。 处方维A酸、孕期、敏感肌和皮肤病人群需要医生评估；不提供浓度和用法建议。,需要。疾病指标、处方药或医美操作，要专业评估。,研究版主题页,content/skin-beauty-topics/retinoids-photoaging.md,2026-08-09
T023,皮肤外观,烟酰胺与屏障/色素/炎症,C：有限,烟酰胺适合放在皮肤屏障、色素和炎症调节主题中，但不同浓度、配方和终点需要区分。,烟酰胺适合放在皮肤屏障、色素和炎症调节主题中，但不同浓度、配方和终点需要区分。,不要把皮肤水分、皱纹或色斑改善说成延寿或逆龄。 可讨论皮肤指标，不支持宣传为全身抗衰或延寿。,阅读不用；要自己尝试，先做专业评估。,研究版主题页,content/skin-beauty-topics/niacinamide-barrier-pigment.md,2026-08-09
T024,皮肤外观,维C外用与色素/胶原,B：中等,维C外用主要作为抗氧化、色素和胶原相关候选方向，证据受配方稳定性和研究设计影响较大。,维C外用主要作为抗氧化、色素和胶原相关候选方向，证据受配方稳定性和研究设计影响较大。,不要把皮肤水分、皱纹或色斑改善说成延寿或逆龄。 不支持把外用维C写成可替代防晒、医美或疾病治疗。,可能需要。只了解原则不用；准备尝试前要看个人情况。,研究版主题页,content/skin-beauty-topics/topical-vitamin-c.md,2026-08-09
T025,皮肤外观,口服胶原肽与皮肤弹性/水分,C：有限,口服胶原肽对皮肤水分、弹性等软终点有候选证据，但异质性、商业化和终点临床意义限制较大；公开等级下调为 C。,胶原肽主要看皮肤水分和弹性，不要理解成逆龄或延寿。,不要把皮肤水分、皱纹或色斑改善说成延寿或逆龄。 不支持把口服胶原写成逆龄、延寿或替代均衡蛋白摄入；需要看研究质量和利益冲突。,阅读不用；要自己尝试，先做专业评估。,研究版主题页,content/skin-beauty-topics/oral-collagen-peptides.md,2026-08-09
T026,皮肤外观,透明质酸、神经酰胺与皮肤水分屏障,C：有限,透明质酸和神经酰胺更适合评价皮肤水分、屏障和干燥相关终点。,主要看皮肤水分和屏障，不等于全身抗衰。,不要把皮肤水分、皱纹或色斑改善说成延寿或逆龄。 支持屏障/保湿方向的证据整理，不支持宣传为系统性抗衰。,阅读不用；要自己尝试，先做专业评估。,研究版主题页,content/skin-beauty-topics/hyaluronic-acid-ceramides-hydration.md,2026-08-09
T027,皮肤外观,多酚/抗氧化剂与皮肤光保护,C：有限,多酚和抗氧化剂有一定光保护和皮肤指标研究，但商业化过度宣传风险较高。,多酚和抗氧化剂有一定光保护和皮肤指标研究，但商业化过度宣传风险较高。,不要把皮肤水分、皱纹或色斑改善说成延寿或逆龄。 不能替代防晒；不能把抗氧化机制直接写成抗老已证实。,阅读不用；要自己尝试，先做专业评估。,研究版主题页,content/skin-beauty-topics/polyphenols-skin-photoprotection.md,2026-08-09
T028,皮肤外观,医美能量设备和换肤类干预,B：中等,能量设备、微针和换肤类干预多属于专业医美或医疗美容场景，终点可见但风险和操作者依赖性高。,能量设备、微针和换肤类干预多属于专业医美或医疗美容场景，终点可见但风险和操作者依赖性高。,不要把皮肤水分、皱纹或色斑改善说成延寿或逆龄。 必须由合格专业人员评估；不提供设备、参数或疗程建议。,需要。疾病指标、处方药或医美操作，要专业评估。,研究版主题页,content/skin-beauty-topics/energy-devices-resurfacing.md,2026-08-09
T029,皮肤外观,PDRN/PN 与 Skin Booster,B：中等,PDRN/PN 属于高声量美容与医美交叉方向：既出现在外用化妆品叙事，也出现在注射、skin booster、填充或导入类项目中；当前证据和撤稿风险必须一起看。,PDRN/PN 要先分清外用、导入、注射和填充；撤稿记录要前置看。,不要把皮肤水分、皱纹或色斑改善说成延寿或逆龄。 外用、导入、注射和填充不是同一种证据；不支持把 PDRN 写成逆龄、延寿或无风险医美项目。,需要。疾病指标、处方药或医美操作，要专业评估。,研究版主题页,content/skin-beauty-topics/pdrn-polynucleotide-skin-boosters.md,2026-08-09
