类别,表名,飞书链接,说明,记录数,状态,更新月份
公开全量数据,宇多Yul细胞_当前文献库,https://ucngl3rlrux2.feishu.cn/wiki/WriBw4TXZiOsjQkJWk8ctL1xnVg?table=tblIPdcBJPH6UkAE,当前精编文献目录,11079,active,2026-08
公开全量数据,宇多Yul细胞_当前候选来源,https://ucngl3rlrux2.feishu.cn/wiki/WriBw4TXZiOsjQkJWk8ctL1xnVg?table=tblWoc9k5UIsKq4J,当前候选来源与检索记录,11079,active,2026-08
公开全量数据,宇多Yul细胞_当前入选短名单,https://ucngl3rlrux2.feishu.cn/wiki/WriBw4TXZiOsjQkJWk8ctL1xnVg?table=tblhZtMqsgCxFq0v,进入优先复核的短名单,2966,active,2026-08
公开全量数据,宇多Yul细胞_当前证据发现,https://ucngl3rlrux2.feishu.cn/wiki/WriBw4TXZiOsjQkJWk8ctL1xnVg?table=tblgAIsjA1UR4jLr,自动整理、待全文复核的证据发现,2966,active,2026-08
公开全量数据,宇多Yul细胞_当前证据矩阵,https://ucngl3rlrux2.feishu.cn/wiki/WriBw4TXZiOsjQkJWk8ctL1xnVg?table=tblLnS2g439w9pir,按主题、终点和等级筛选的矩阵,1500,active,2026-08
视觉资产,宇多Yul细胞_当前研究图,https://ucngl3rlrux2.feishu.cn/wiki/WriBw4TXZiOsjQkJWk8ctL1xnVg?table=tblASMHdK01yuvjL,6 张研究图和证据产出图,6,active,2026-08
视觉资产,宇多Yul细胞_当前50成分卡,https://ucngl3rlrux2.feishu.cn/wiki/WriBw4TXZiOsjQkJWk8ctL1xnVg?table=tbliLsUC2T8lXHla,50 张常见成分单卡,50,active,2026-08
视觉资产,宇多Yul细胞_当前成分总览,https://ucngl3rlrux2.feishu.cn/wiki/WriBw4TXZiOsjQkJWk8ctL1xnVg?table=tblOTMnRmq5uStWE,1 张 50 成分总览墙,1,active,2026-08
阅读入口,宇多Yul细胞_当前阅读导航,https://ucngl3rlrux2.feishu.cn/wiki/WriBw4TXZiOsjQkJWk8ctL1xnVg?table=tbljh1Xmkn6RYWPD,普通读者 14 步阅读入口,14,active,2026-08
