target_id,domain,name_zh,name_en,pubmed_total_count_20y,avg_publications_per_year_20y,pubmed_retracted_count_20y,retraction_rate_percent,retractions_per_1000_publications,publication_volume_bucket,normalized_risk_bucket,retrieved_publication_rows,unique_pmids_retrieved,most_recent_retracted_year,risk_bucket,reader_note_zh,denominator_note_zh,query_scope_zh,last_checked
vitamin-d,口服/补剂,维生素 D,Vitamin D,25879,1247.3,50,0.193,1.93,大分母,数量型风险,50,50,2026,高撤稿观察量,这个主题相关撤稿记录较多，读到夸张宣传时要特别谨慎。,同一口径下总发表 25879 篇；每 1000 篇约 1.93 篇撤稿。,PubMed 近20年；分母为同一题名/语境检索下的总发表量，分子为其中 PubMed Retracted Publication。,2026-10-01
probiotics,口服/补剂,益生菌,Probiotics,18973,914.5,47,0.248,2.48,大分母,数量型风险,47,47,2025,中等撤稿观察量,这个主题有一定撤稿记录，不能只看单篇论文或营销摘要。,同一口径下总发表 18973 篇；每 1000 篇约 2.48 篇撤稿。,PubMed 近20年；分母为同一题名/语境检索下的总发表量，分子为其中 PubMed Retracted Publication。,2026-10-01
iron,口服/补剂,铁,Iron,22314,1075.5,42,0.188,1.88,大分母,数量型风险,42,42,2026,中等撤稿观察量,这个主题有一定撤稿记录，不能只看单篇论文或营销摘要。,同一口径下总发表 22314 篇；每 1000 篇约 1.88 篇撤稿。,PubMed 近20年；分母为同一题名/语境检索下的总发表量，分子为其中 PubMed Retracted Publication。,2026-10-01
curcumin,口服/补剂,姜黄素,Curcumin,6078,293.0,39,0.642,6.42,大分母,中等撤稿密度,39,39,2024,中等撤稿观察量,这个主题有一定撤稿记录，不能只看单篇论文或营销摘要。,同一口径下总发表 6078 篇；每 1000 篇约 6.42 篇撤稿。,PubMed 近20年；分母为同一题名/语境检索下的总发表量，分子为其中 PubMed Retracted Publication。,2026-10-01
melatonin,口服/补剂,褪黑素,Melatonin,4241,204.4,36,0.849,8.49,大分母,中等撤稿密度,36,36,2024,中等撤稿观察量,这个主题有一定撤稿记录，不能只看单篇论文或营销摘要。,同一口径下总发表 4241 篇；每 1000 篇约 8.49 篇撤稿。,PubMed 近20年；分母为同一题名/语境检索下的总发表量，分子为其中 PubMed Retracted Publication。,2026-10-01
zinc,口服/补剂,锌,Zinc,11279,543.6,30,0.266,2.66,大分母,数量型风险,30,30,2025,中等撤稿观察量,这个主题有一定撤稿记录，不能只看单篇论文或营销摘要。,同一口径下总发表 11279 篇；每 1000 篇约 2.66 篇撤稿。,PubMed 近20年；分母为同一题名/语境检索下的总发表量，分子为其中 PubMed Retracted Publication。,2026-10-01
calcium-magnesium,口服/补剂,钙/镁,Calcium / Magnesium,16551,797.7,29,0.175,1.75,大分母,数量型风险,29,29,2024,中等撤稿观察量,这个主题有一定撤稿记录，不能只看单篇论文或营销摘要。,同一口径下总发表 16551 篇；每 1000 篇约 1.75 篇撤稿。,PubMed 近20年；分母为同一题名/语境检索下的总发表量，分子为其中 PubMed Retracted Publication。,2026-10-01
resveratrol,口服/补剂,白藜芦醇,Resveratrol,4248,204.7,21,0.494,4.94,大分母,数量型风险,21,21,2022,中等撤稿观察量,这个主题有一定撤稿记录，不能只看单篇论文或营销摘要。,同一口径下总发表 4248 篇；每 1000 篇约 4.94 篇撤稿。,PubMed 近20年；分母为同一题名/语境检索下的总发表量，分子为其中 PubMed Retracted Publication。,2026-10-01
skin-polyphenols,皮肤外用,多酚/抗氧化剂,Polyphenols,7228,348.4,19,0.263,2.63,大分母,数量型风险,19,19,2024,中等撤稿观察量,这个主题有一定撤稿记录，不能只看单篇论文或营销摘要。,同一口径下总发表 7228 篇；每 1000 篇约 2.63 篇撤稿。,PubMed 近20年；分母为同一题名/语境检索下的总发表量，分子为其中 PubMed Retracted Publication。,2026-10-01
copper,口服/补剂,铜,Copper,5771,278.2,19,0.329,3.29,大分母,数量型风险,19,19,2025,中等撤稿观察量,这个主题有一定撤稿记录，不能只看单篇论文或营销摘要。,同一口径下总发表 5771 篇；每 1000 篇约 3.29 篇撤稿。,PubMed 近20年；分母为同一题名/语境检索下的总发表量，分子为其中 PubMed Retracted Publication。,2026-10-01
quercetin,口服/补剂,槲皮素,Quercetin,3602,173.6,19,0.527,5.27,大分母,中等撤稿密度,19,19,2025,中等撤稿观察量,这个主题有一定撤稿记录，不能只看单篇论文或营销摘要。,同一口径下总发表 3602 篇；每 1000 篇约 5.27 篇撤稿。,PubMed 近20年；分母为同一题名/语境检索下的总发表量，分子为其中 PubMed Retracted Publication。,2026-10-01
omega-3,口服/补剂,Omega-3,Omega-3 Fatty Acids,10270,495.0,18,0.175,1.75,大分母,数量型风险,18,18,2026,中等撤稿观察量,这个主题有一定撤稿记录，不能只看单篇论文或营销摘要。,同一口径下总发表 10270 篇；每 1000 篇约 1.75 篇撤稿。,PubMed 近20年；分母为同一题名/语境检索下的总发表量，分子为其中 PubMed Retracted Publication。,2026-10-01
antiaging-autophagy,抗衰前沿,自噬/线粒体自噬,Autophagy/Mitophagy,4184,201.7,16,0.382,3.82,大分母,数量型风险,16,16,2025,中等撤稿观察量,这个主题有一定撤稿记录，不能只看单篇论文或营销摘要。,同一口径下总发表 4184 篇；每 1000 篇约 3.82 篇撤稿。,PubMed 近20年；分母为同一题名/语境检索下的总发表量，分子为其中 PubMed Retracted Publication。,2026-10-01
vitamin-c,口服/补剂,维生素 C,Vitamin C,3055,147.2,11,0.360,3.60,大分母,数量型风险,11,11,2021,中等撤稿观察量,这个主题有一定撤稿记录，不能只看单篇论文或营销摘要。,同一口径下总发表 3055 篇；每 1000 篇约 3.60 篇撤稿。,PubMed 近20年；分母为同一题名/语境检索下的总发表量，分子为其中 PubMed Retracted Publication。,2026-10-01
berberine,口服/补剂,小檗碱,Berberine,1356,65.4,11,0.811,8.11,大分母,中等撤稿密度,11,11,2022,中等撤稿观察量,这个主题有一定撤稿记录，不能只看单篇论文或营销摘要。,同一口径下总发表 1356 篇；每 1000 篇约 8.11 篇撤稿。,PubMed 近20年；分母为同一题名/语境检索下的总发表量，分子为其中 PubMed Retracted Publication。,2026-10-01
skin-hyaluronic-acid,皮肤外用,透明质酸,Hyaluronic Acid,2966,143.0,9,0.303,3.03,大分母,低撤稿密度,9,9,2023,低撤稿观察量,这个主题检出过撤稿记录，说明仍需要看研究质量和复核状态。,同一口径下总发表 2966 篇；每 1000 篇约 3.03 篇撤稿。,PubMed 近20年；分母为同一题名/语境检索下的总发表量，分子为其中 PubMed Retracted Publication。,2026-10-01
chromium,口服/补剂,铬,Chromium,1829,88.2,9,0.492,4.92,大分母,低撤稿密度,9,9,2023,低撤稿观察量,这个主题检出过撤稿记录，说明仍需要看研究质量和复核状态。,同一口径下总发表 1829 篇；每 1000 篇约 4.92 篇撤稿。,PubMed 近20年；分母为同一题名/语境检索下的总发表量，分子为其中 PubMed Retracted Publication。,2026-10-01
selenium,口服/补剂,硒,Selenium,7578,365.2,8,0.106,1.06,大分母,低撤稿密度,8,8,2024,低撤稿观察量,这个主题检出过撤稿记录，说明仍需要看研究质量和复核状态。,同一口径下总发表 7578 篇；每 1000 篇约 1.06 篇撤稿。,PubMed 近20年；分母为同一题名/语境检索下的总发表量，分子为其中 PubMed Retracted Publication。,2026-10-01
potassium,口服/补剂,钾,Potassium,4022,193.9,7,0.174,1.74,大分母,低撤稿密度,7,7,2023,低撤稿观察量,这个主题检出过撤稿记录，说明仍需要看研究质量和复核状态。,同一口径下总发表 4022 篇；每 1000 篇约 1.74 篇撤稿。,PubMed 近20年；分母为同一题名/语境检索下的总发表量，分子为其中 PubMed Retracted Publication。,2026-10-01
inositol,口服/补剂,肌醇,Inositol,897,43.2,7,0.780,7.80,中等分母,中等撤稿密度,7,7,2021,低撤稿观察量,这个主题检出过撤稿记录，说明仍需要看研究质量和复核状态。,同一口径下总发表 897 篇；每 1000 篇约 7.80 篇撤稿。,PubMed 近20年；分母为同一题名/语境检索下的总发表量，分子为其中 PubMed Retracted Publication。,2026-10-01
coq10,口服/补剂,辅酶 Q10,Coenzyme Q10,1414,68.2,6,0.424,4.24,大分母,低撤稿密度,6,6,2021,低撤稿观察量,这个主题检出过撤稿记录，说明仍需要看研究质量和复核状态。,同一口径下总发表 1414 篇；每 1000 篇约 4.24 篇撤稿。,PubMed 近20年；分母为同一题名/语境检索下的总发表量，分子为其中 PubMed Retracted Publication。,2026-10-01
vitamin-e,口服/补剂,维生素 E,Vitamin E,2962,142.8,6,0.203,2.03,大分母,低撤稿密度,6,6,2022,低撤稿观察量,这个主题检出过撤稿记录，说明仍需要看研究质量和复核状态。,同一口径下总发表 2962 篇；每 1000 篇约 2.03 篇撤稿。,PubMed 近20年；分母为同一题名/语境检索下的总发表量，分子为其中 PubMed Retracted Publication。,2026-10-01
iodine,口服/补剂,碘,Iodine,4890,235.7,6,0.123,1.23,大分母,低撤稿密度,6,6,2023,低撤稿观察量,这个主题检出过撤稿记录，说明仍需要看研究质量和复核状态。,同一口径下总发表 4890 篇；每 1000 篇约 1.23 篇撤稿。,PubMed 近20年；分母为同一题名/语境检索下的总发表量，分子为其中 PubMed Retracted Publication。,2026-10-01
alpha-lipoic-acid,口服/补剂,α-硫辛酸,Alpha-Lipoic Acid,964,46.5,6,0.622,6.22,中等分母,中等撤稿密度,6,6,2022,低撤稿观察量,这个主题检出过撤稿记录，说明仍需要看研究质量和复核状态。,同一口径下总发表 964 篇；每 1000 篇约 6.22 篇撤稿。,PubMed 近20年；分母为同一题名/语境检索下的总发表量，分子为其中 PubMed Retracted Publication。,2026-10-01
skin-energy-devices,皮肤外用,医美能量设备,Energy Devices,2018,97.3,5,0.248,2.48,大分母,低撤稿密度,5,5,2024,低撤稿观察量,这个主题检出过撤稿记录，说明仍需要看研究质量和复核状态。,同一口径下总发表 2018 篇；每 1000 篇约 2.48 篇撤稿。,PubMed 近20年；分母为同一题名/语境检索下的总发表量，分子为其中 PubMed Retracted Publication。,2026-10-01
antiaging-telomere,抗衰前沿,端粒,Telomere,4625,222.9,5,0.108,1.08,大分母,低撤稿密度,5,5,2022,低撤稿观察量,这个主题检出过撤稿记录，说明仍需要看研究质量和复核状态。,同一口径下总发表 4625 篇；每 1000 篇约 1.08 篇撤稿。,PubMed 近20年；分母为同一题名/语境检索下的总发表量，分子为其中 PubMed Retracted Publication。,2026-10-01
antiaging-resveratrol,抗衰前沿,白藜芦醇,Resveratrol,1051,50.7,5,0.476,4.76,大分母,低撤稿密度,5,5,2019,低撤稿观察量,这个主题检出过撤稿记录，说明仍需要看研究质量和复核状态。,同一口径下总发表 1051 篇；每 1000 篇约 4.76 篇撤稿。,PubMed 近20年；分母为同一题名/语境检索下的总发表量，分子为其中 PubMed Retracted Publication。,2026-10-01
green-tea-catechins,口服/补剂,绿茶儿茶素,Green Tea Catechins,1173,56.5,5,0.426,4.26,大分母,低撤稿密度,5,5,2019,低撤稿观察量,这个主题检出过撤稿记录，说明仍需要看研究质量和复核状态。,同一口径下总发表 1173 篇；每 1000 篇约 4.26 篇撤稿。,PubMed 近20年；分母为同一题名/语境检索下的总发表量，分子为其中 PubMed Retracted Publication。,2026-10-01
vitamin-a,口服/补剂,维生素 A,Vitamin A,2892,139.4,5,0.173,1.73,大分母,低撤稿密度,5,5,2022,低撤稿观察量,这个主题检出过撤稿记录，说明仍需要看研究质量和复核状态。,同一口径下总发表 2892 篇；每 1000 篇约 1.73 篇撤稿。,PubMed 近20年；分母为同一题名/语境检索下的总发表量，分子为其中 PubMed Retracted Publication。,2026-10-01
taurine,口服/补剂,牛磺酸,Taurine,1479,71.3,5,0.338,3.38,大分母,低撤稿密度,5,5,2021,低撤稿观察量,这个主题检出过撤稿记录，说明仍需要看研究质量和复核状态。,同一口径下总发表 1479 篇；每 1000 篇约 3.38 篇撤稿。,PubMed 近20年；分母为同一题名/语境检索下的总发表量，分子为其中 PubMed Retracted Publication。,2026-10-01
skin-pdrn-polynucleotide,皮肤外用,PDRN/PN/Skin Booster,PDRN / Polynucleotide / Skin Booster,170,8.2,4,2.353,23.53,小分母,高撤稿密度,4,4,2025,低撤稿观察量,这个主题检出过撤稿记录，说明仍需要看研究质量和复核状态。,同一口径下总发表 170 篇；每 1000 篇约 23.53 篇撤稿。,PubMed 近20年；分母为同一题名/语境检索下的总发表量，分子为其中 PubMed Retracted Publication。,2026-10-01
moringa,口服/补剂,辣木,Moringa,1241,59.8,4,0.322,3.22,大分母,低撤稿密度,4,4,2022,低撤稿观察量,这个主题检出过撤稿记录，说明仍需要看研究质量和复核状态。,同一口径下总发表 1241 篇；每 1000 篇约 3.22 篇撤稿。,PubMed 近20年；分母为同一题名/语境检索下的总发表量，分子为其中 PubMed Retracted Publication。,2026-10-01
arginine,口服/补剂,精氨酸,Arginine,3303,159.2,4,0.121,1.21,大分母,低撤稿密度,4,4,2024,低撤稿观察量,这个主题检出过撤稿记录，说明仍需要看研究质量和复核状态。,同一口径下总发表 3303 篇；每 1000 篇约 1.21 篇撤稿。,PubMed 近20年；分母为同一题名/语境检索下的总发表量，分子为其中 PubMed Retracted Publication。,2026-10-01
nac,口服/补剂,NAC/N-乙酰半胱氨酸,N-Acetylcysteine,1458,70.3,4,0.274,2.74,大分母,低撤稿密度,4,4,2022,低撤稿观察量,这个主题检出过撤稿记录，说明仍需要看研究质量和复核状态。,同一口径下总发表 1458 篇；每 1000 篇约 2.74 篇撤稿。,PubMed 近20年；分母为同一题名/语境检索下的总发表量，分子为其中 PubMed Retracted Publication。,2026-10-01
hyaluronic-acid,口服/补剂,透明质酸,Hyaluronic Acid,1668,80.4,3,0.180,1.80,大分母,低撤稿密度,3,3,2023,低撤稿观察量,这个主题检出过撤稿记录，说明仍需要看研究质量和复核状态。,同一口径下总发表 1668 篇；每 1000 篇约 1.80 篇撤稿。,PubMed 近20年；分母为同一题名/语境检索下的总发表量，分子为其中 PubMed Retracted Publication。,2026-10-01
glutathione,口服/补剂,谷胱甘肽,Glutathione,2865,138.1,3,0.105,1.05,大分母,低撤稿密度,3,3,2023,低撤稿观察量,这个主题检出过撤稿记录，说明仍需要看研究质量和复核状态。,同一口径下总发表 2865 篇；每 1000 篇约 1.05 篇撤稿。,PubMed 近20年；分母为同一题名/语境检索下的总发表量，分子为其中 PubMed Retracted Publication。,2026-10-01
cinnamon,口服/补剂,肉桂,Cinnamon,680,32.8,3,0.441,4.41,中等分母,低撤稿密度,3,3,2022,低撤稿观察量,这个主题检出过撤稿记录，说明仍需要看研究质量和复核状态。,同一口径下总发表 680 篇；每 1000 篇约 4.41 篇撤稿。,PubMed 近20年；分母为同一题名/语境检索下的总发表量，分子为其中 PubMed Retracted Publication。,2026-10-01
vitamin-k2,口服/补剂,维生素 K2,Vitamin K2,321,15.5,3,0.935,9.35,中等分母,中等撤稿密度,3,3,2014,低撤稿观察量,这个主题检出过撤稿记录，说明仍需要看研究质量和复核状态。,同一口径下总发表 321 篇；每 1000 篇约 9.35 篇撤稿。,PubMed 近20年；分母为同一题名/语境检索下的总发表量，分子为其中 PubMed Retracted Publication。,2026-10-01
folate,口服/补剂,叶酸,Folate,3875,186.8,3,0.077,0.77,大分母,低撤稿密度,3,3,2024,低撤稿观察量,这个主题检出过撤稿记录，说明仍需要看研究质量和复核状态。,同一口径下总发表 3875 篇；每 1000 篇约 0.77 篇撤稿。,PubMed 近20年；分母为同一题名/语境检索下的总发表量，分子为其中 PubMed Retracted Publication。,2026-10-01
ginseng,口服/补剂,人参,Ginseng,1556,75.0,3,0.193,1.93,大分母,低撤稿密度,3,3,2018,低撤稿观察量,这个主题检出过撤稿记录，说明仍需要看研究质量和复核状态。,同一口径下总发表 1556 篇；每 1000 篇约 1.93 篇撤稿。,PubMed 近20年；分母为同一题名/语境检索下的总发表量，分子为其中 PubMed Retracted Publication。,2026-10-01
antiaging-rapamycin,抗衰前沿,雷帕霉素/mTOR,Rapamycin,1438,69.3,2,0.139,1.39,大分母,低撤稿密度,2,2,2023,低撤稿观察量,这个主题检出过撤稿记录，说明仍需要看研究质量和复核状态。,同一口径下总发表 1438 篇；每 1000 篇约 1.39 篇撤稿。,PubMed 近20年；分母为同一题名/语境检索下的总发表量，分子为其中 PubMed Retracted Publication。,2026-10-01
antiaging-metformin,抗衰前沿,二甲双胍,Metformin,707,34.1,2,0.283,2.83,中等分母,低撤稿密度,2,2,2022,低撤稿观察量,这个主题检出过撤稿记录，说明仍需要看研究质量和复核状态。,同一口径下总发表 707 篇；每 1000 篇约 2.83 篇撤稿。,PubMed 近20年；分母为同一题名/语境检索下的总发表量，分子为其中 PubMed Retracted Publication。,2026-10-01
antiaging-nad,抗衰前沿,NAD/NMN/NR,NAD/NMN/NR,931,44.9,2,0.215,2.15,中等分母,低撤稿密度,2,2,2014,低撤稿观察量,这个主题检出过撤稿记录，说明仍需要看研究质量和复核状态。,同一口径下总发表 931 篇；每 1000 篇约 2.15 篇撤稿。,PubMed 近20年；分母为同一题名/语境检索下的总发表量，分子为其中 PubMed Retracted Publication。,2026-10-01
manganese,口服/补剂,锰,Manganese,2002,96.5,2,0.100,1.00,大分母,低撤稿密度,2,2,2019,低撤稿观察量,这个主题检出过撤稿记录，说明仍需要看研究质量和复核状态。,同一口径下总发表 2002 篇；每 1000 篇约 1.00 篇撤稿。,PubMed 近20年；分母为同一题名/语境检索下的总发表量，分子为其中 PubMed Retracted Publication。,2026-10-01
spirulina,口服/补剂,螺旋藻,Spirulina,1115,53.7,2,0.179,1.79,大分母,低撤稿密度,2,2,2024,低撤稿观察量,这个主题检出过撤稿记录，说明仍需要看研究质量和复核状态。,同一口径下总发表 1115 篇；每 1000 篇约 1.79 篇撤稿。,PubMed 近20年；分母为同一题名/语境检索下的总发表量，分子为其中 PubMed Retracted Publication。,2026-10-01
peppermint-oil,口服/补剂,薄荷油,Peppermint Oil,116,5.6,2,1.724,17.24,小分母,中等撤稿密度,2,2,2006,低撤稿观察量,这个主题检出过撤稿记录，说明仍需要看研究质量和复核状态。,同一口径下总发表 116 篇；每 1000 篇约 17.24 篇撤稿。,PubMed 近20年；分母为同一题名/语境检索下的总发表量，分子为其中 PubMed Retracted Publication。,2026-10-01
inulin,口服/补剂,菊粉,Inulin,1217,58.7,2,0.164,1.64,大分母,低撤稿密度,2,2,2019,低撤稿观察量,这个主题检出过撤稿记录，说明仍需要看研究质量和复核状态。,同一口径下总发表 1217 篇；每 1000 篇约 1.64 篇撤稿。,PubMed 近20年；分母为同一题名/语境检索下的总发表量，分子为其中 PubMed Retracted Publication。,2026-10-01
tryptophan,口服/补剂,色氨酸,Tryptophan,1781,85.8,2,0.112,1.12,大分母,低撤稿密度,2,2,2024,低撤稿观察量,这个主题检出过撤稿记录，说明仍需要看研究质量和复核状态。,同一口径下总发表 1781 篇；每 1000 篇约 1.12 篇撤稿。,PubMed 近20年；分母为同一题名/语境检索下的总发表量，分子为其中 PubMed Retracted Publication。,2026-10-01
vitamin-b12,口服/补剂,维生素 B12,Vitamin B12,3160,152.3,2,0.063,0.63,大分母,低撤稿密度,2,2,2024,低撤稿观察量,这个主题检出过撤稿记录，说明仍需要看研究质量和复核状态。,同一口径下总发表 3160 篇；每 1000 篇约 0.63 篇撤稿。,PubMed 近20年；分母为同一题名/语境检索下的总发表量，分子为其中 PubMed Retracted Publication。,2026-10-01
rhodiola,口服/补剂,红景天,Rhodiola,211,10.2,2,0.948,9.48,中等分母,中等撤稿密度,2,2,2022,低撤稿观察量,这个主题检出过撤稿记录，说明仍需要看研究质量和复核状态。,同一口径下总发表 211 篇；每 1000 篇约 9.48 篇撤稿。,PubMed 近20年；分母为同一题名/语境检索下的总发表量，分子为其中 PubMed Retracted Publication。,2026-10-01
prebiotic-mix,口服/补剂,益生元复合物,Prebiotic Mix,2497,120.4,2,0.080,0.80,大分母,低撤稿密度,2,2,2022,低撤稿观察量,这个主题检出过撤稿记录，说明仍需要看研究质量和复核状态。,同一口径下总发表 2497 篇；每 1000 篇约 0.80 篇撤稿。,PubMed 近20年；分母为同一题名/语境检索下的总发表量，分子为其中 PubMed Retracted Publication。,2026-10-01
lycopene,口服/补剂,番茄红素,Lycopene,1173,56.5,2,0.171,1.71,大分母,低撤稿密度,2,2,2014,低撤稿观察量,这个主题检出过撤稿记录，说明仍需要看研究质量和复核状态。,同一口径下总发表 1173 篇；每 1000 篇约 1.71 篇撤稿。,PubMed 近20年；分母为同一题名/语境检索下的总发表量，分子为其中 PubMed Retracted Publication。,2026-10-01
glycine,口服/补剂,甘氨酸,Glycine,1408,67.9,2,0.142,1.42,大分母,低撤稿密度,2,2,2023,低撤稿观察量,这个主题检出过撤稿记录，说明仍需要看研究质量和复核状态。,同一口径下总发表 1408 篇；每 1000 篇约 1.42 篇撤稿。,PubMed 近20年；分母为同一题名/语境检索下的总发表量，分子为其中 PubMed Retracted Publication。,2026-10-01
l-carnitine,口服/补剂,左旋肉碱,L-Carnitine,1275,61.5,2,0.157,1.57,大分母,低撤稿密度,2,2,2021,低撤稿观察量,这个主题检出过撤稿记录，说明仍需要看研究质量和复核状态。,同一口径下总发表 1275 篇；每 1000 篇约 1.57 篇撤稿。,PubMed 近20年；分母为同一题名/语境检索下的总发表量，分子为其中 PubMed Retracted Publication。,2026-10-01
garlic-extract,口服/补剂,大蒜提取物,Garlic Extract,203,9.8,2,0.985,9.85,中等分母,中等撤稿密度,2,2,2024,低撤稿观察量,这个主题检出过撤稿记录，说明仍需要看研究质量和复核状态。,同一口径下总发表 203 篇；每 1000 篇约 9.85 篇撤稿。,PubMed 近20年；分母为同一题名/语境检索下的总发表量，分子为其中 PubMed Retracted Publication。,2026-10-01
lutein,口服/补剂,叶黄素,Lutein,850,41.0,2,0.235,2.35,中等分母,低撤稿密度,2,2,2026,低撤稿观察量,这个主题检出过撤稿记录，说明仍需要看研究质量和复核状态。,同一口径下总发表 850 篇；每 1000 篇约 2.35 篇撤稿。,PubMed 近20年；分母为同一题名/语境检索下的总发表量，分子为其中 PubMed Retracted Publication。,2026-10-01
beta-carotene,口服/补剂,β-胡萝卜素,Beta-Carotene,1134,54.7,2,0.176,1.76,大分母,低撤稿密度,2,2,2012,低撤稿观察量,这个主题检出过撤稿记录，说明仍需要看研究质量和复核状态。,同一口径下总发表 1134 篇；每 1000 篇约 1.76 篇撤稿。,PubMed 近20年；分母为同一题名/语境检索下的总发表量，分子为其中 PubMed Retracted Publication。,2026-10-01
skin-sunscreen,皮肤外用,防晒,Sunscreen,2709,130.6,1,0.037,0.37,大分母,低撤稿密度,1,1,2019,低撤稿观察量,这个主题检出过撤稿记录，说明仍需要看研究质量和复核状态。,同一口径下总发表 2709 篇；每 1000 篇约 0.37 篇撤稿。,PubMed 近20年；分母为同一题名/语境检索下的总发表量，分子为其中 PubMed Retracted Publication。,2026-10-01
skin-retinoids,皮肤外用,维A酸/视黄醇,Retinoids,1039,50.1,1,0.096,0.96,大分母,低撤稿密度,1,1,2015,低撤稿观察量,这个主题检出过撤稿记录，说明仍需要看研究质量和复核状态。,同一口径下总发表 1039 篇；每 1000 篇约 0.96 篇撤稿。,PubMed 近20年；分母为同一题名/语境检索下的总发表量，分子为其中 PubMed Retracted Publication。,2026-10-01
skin-niacinamide,皮肤外用,烟酰胺,Niacinamide,440,21.2,1,0.227,2.27,中等分母,低撤稿密度,1,1,2022,低撤稿观察量,这个主题检出过撤稿记录，说明仍需要看研究质量和复核状态。,同一口径下总发表 440 篇；每 1000 篇约 2.27 篇撤稿。,PubMed 近20年；分母为同一题名/语境检索下的总发表量，分子为其中 PubMed Retracted Publication。,2026-10-01
skin-topical-vitamin-c,皮肤外用,外用维C,Topical Vitamin C,741,35.7,1,0.135,1.35,中等分母,低撤稿密度,1,1,2012,低撤稿观察量,这个主题检出过撤稿记录，说明仍需要看研究质量和复核状态。,同一口径下总发表 741 篇；每 1000 篇约 1.35 篇撤稿。,PubMed 近20年；分母为同一题名/语境检索下的总发表量，分子为其中 PubMed Retracted Publication。,2026-10-01
antiaging-epigenetic-clocks,抗衰前沿,表观遗传时钟,Epigenetic Clocks,786,37.9,1,0.127,1.27,中等分母,低撤稿密度,1,1,2022,低撤稿观察量,这个主题检出过撤稿记录，说明仍需要看研究质量和复核状态。,同一口径下总发表 786 篇；每 1000 篇约 1.27 篇撤稿。,PubMed 近20年；分母为同一题名/语境检索下的总发表量，分子为其中 PubMed Retracted Publication。,2026-10-01
antiaging-senolytics,抗衰前沿,Senolytics,Senolytics,872,42.0,1,0.115,1.15,中等分母,低撤稿密度,1,1,2021,低撤稿观察量,这个主题检出过撤稿记录，说明仍需要看研究质量和复核状态。,同一口径下总发表 872 篇；每 1000 篇约 1.15 篇撤稿。,PubMed 近20年；分母为同一题名/语境检索下的总发表量，分子为其中 PubMed Retracted Publication。,2026-10-01
black-seed-oil,口服/补剂,黑种草籽油,Black Seed Oil,609,29.4,1,0.164,1.64,中等分母,低撤稿密度,1,1,2020,低撤稿观察量,这个主题检出过撤稿记录，说明仍需要看研究质量和复核状态。,同一口径下总发表 609 篇；每 1000 篇约 1.64 篇撤稿。,PubMed 近20年；分母为同一题名/语境检索下的总发表量，分子为其中 PubMed Retracted Publication。,2026-10-01
ginkgo,口服/补剂,银杏,Ginkgo,738,35.6,1,0.136,1.36,中等分母,低撤稿密度,1,1,2017,低撤稿观察量,这个主题检出过撤稿记录，说明仍需要看研究质量和复核状态。,同一口径下总发表 738 篇；每 1000 篇约 1.36 篇撤稿。,PubMed 近20年；分母为同一题名/语境检索下的总发表量，分子为其中 PubMed Retracted Publication。,2026-10-01
astaxanthin,口服/补剂,虾青素,Astaxanthin,1221,58.9,1,0.082,0.82,大分母,低撤稿密度,1,1,2020,低撤稿观察量,这个主题检出过撤稿记录，说明仍需要看研究质量和复核状态。,同一口径下总发表 1221 篇；每 1000 篇约 0.82 篇撤稿。,PubMed 近20年；分母为同一题名/语境检索下的总发表量，分子为其中 PubMed Retracted Publication。,2026-10-01
choline,口服/补剂,胆碱,Choline,1909,92.0,1,0.052,0.52,大分母,低撤稿密度,1,1,2020,低撤稿观察量,这个主题检出过撤稿记录，说明仍需要看研究质量和复核状态。,同一口径下总发表 1909 篇；每 1000 篇约 0.52 篇撤稿。,PubMed 近20年；分母为同一题名/语境检索下的总发表量，分子为其中 PubMed Retracted Publication。,2026-10-01
beetroot,口服/补剂,甜菜根,Beetroot / Nitrate,2973,143.3,1,0.034,0.34,大分母,低撤稿密度,1,1,2025,低撤稿观察量,这个主题检出过撤稿记录，说明仍需要看研究质量和复核状态。,同一口径下总发表 2973 篇；每 1000 篇约 0.34 篇撤稿。,PubMed 近20年；分母为同一题名/语境检索下的总发表量，分子为其中 PubMed Retracted Publication。,2026-10-01
citrulline,口服/补剂,瓜氨酸,Citrulline,603,29.1,1,0.166,1.66,中等分母,低撤稿密度,1,1,2019,低撤稿观察量,这个主题检出过撤稿记录，说明仍需要看研究质量和复核状态。,同一口径下总发表 603 篇；每 1000 篇约 1.66 篇撤稿。,PubMed 近20年；分母为同一题名/语境检索下的总发表量，分子为其中 PubMed Retracted Publication。,2026-10-01
maca,口服/补剂,玛咖,Maca,128,6.2,1,0.781,7.81,小分母,低撤稿密度,1,1,2015,低撤稿观察量,这个主题检出过撤稿记录，说明仍需要看研究质量和复核状态。,同一口径下总发表 128 篇；每 1000 篇约 7.81 篇撤稿。,PubMed 近20年；分母为同一题名/语境检索下的总发表量，分子为其中 PubMed Retracted Publication。,2026-10-01
zeaxanthin,口服/补剂,玉米黄质,Zeaxanthin,350,16.9,1,0.286,2.86,中等分母,低撤稿密度,1,1,2026,低撤稿观察量,这个主题检出过撤稿记录，说明仍需要看研究质量和复核状态。,同一口径下总发表 350 篇；每 1000 篇约 2.86 篇撤稿。,PubMed 近20年；分母为同一题名/语境检索下的总发表量，分子为其中 PubMed Retracted Publication。,2026-10-01
lions-mane,口服/补剂,猴头菇,Lion's Mane,179,8.6,1,0.559,5.59,小分母,低撤稿密度,1,1,2016,低撤稿观察量,这个主题检出过撤稿记录，说明仍需要看研究质量和复核状态。,同一口径下总发表 179 篇；每 1000 篇约 5.59 篇撤稿。,PubMed 近20年；分母为同一题名/语境检索下的总发表量，分子为其中 PubMed Retracted Publication。,2026-10-01
milk-thistle,口服/补剂,水飞蓟,Milk Thistle,130,6.3,1,0.769,7.69,小分母,低撤稿密度,1,1,2021,低撤稿观察量,这个主题检出过撤稿记录，说明仍需要看研究质量和复核状态。,同一口径下总发表 130 篇；每 1000 篇约 7.69 篇撤稿。,PubMed 近20年；分母为同一题名/语境检索下的总发表量，分子为其中 PubMed Retracted Publication。,2026-10-01
glucosamine,口服/补剂,氨糖,Glucosamine,563,27.1,1,0.178,1.78,中等分母,低撤稿密度,1,1,2020,低撤稿观察量,这个主题检出过撤稿记录，说明仍需要看研究质量和复核状态。,同一口径下总发表 563 篇；每 1000 篇约 1.78 篇撤稿。,PubMed 近20年；分母为同一题名/语境检索下的总发表量，分子为其中 PubMed Retracted Publication。,2026-10-01
plant-sterols,口服/补剂,植物甾醇,Plant Sterols,186,9.0,1,0.538,5.38,小分母,低撤稿密度,1,1,2015,低撤稿观察量,这个主题检出过撤稿记录，说明仍需要看研究质量和复核状态。,同一口径下总发表 186 篇；每 1000 篇约 5.38 篇撤稿。,PubMed 近20年；分母为同一题名/语境检索下的总发表量，分子为其中 PubMed Retracted Publication。,2026-10-01
evening-primrose-oil,口服/补剂,月见草油,Evening Primrose Oil,50,2.4,1,2.000,20.00,小分母,低撤稿密度,1,1,2018,低撤稿观察量,这个主题检出过撤稿记录，说明仍需要看研究质量和复核状态。,同一口径下总发表 50 篇；每 1000 篇约 20.00 篇撤稿。,PubMed 近20年；分母为同一题名/语境检索下的总发表量，分子为其中 PubMed Retracted Publication。,2026-10-01
bacopa,口服/补剂,婆罗米,Bacopa,124,6.0,1,0.806,8.06,小分母,低撤稿密度,1,1,2022,低撤稿观察量,这个主题检出过撤稿记录，说明仍需要看研究质量和复核状态。,同一口径下总发表 124 篇；每 1000 篇约 8.06 篇撤稿。,PubMed 近20年；分母为同一题名/语境检索下的总发表量，分子为其中 PubMed Retracted Publication。,2026-10-01
ginger,口服/补剂,姜,Ginger,1005,48.4,1,0.100,1.00,大分母,低撤稿密度,1,1,2019,低撤稿观察量,这个主题检出过撤稿记录，说明仍需要看研究质量和复核状态。,同一口径下总发表 1005 篇；每 1000 篇约 1.00 篇撤稿。,PubMed 近20年；分母为同一题名/语境检索下的总发表量，分子为其中 PubMed Retracted Publication。,2026-10-01
multivitamin,口服/补剂,复合维生素,Multivitamin,500,24.1,1,0.200,2.00,中等分母,低撤稿密度,1,1,2015,低撤稿观察量,这个主题检出过撤稿记录，说明仍需要看研究质量和复核状态。,同一口径下总发表 500 篇；每 1000 篇约 2.00 篇撤稿。,PubMed 近20年；分母为同一题名/语境检索下的总发表量，分子为其中 PubMed Retracted Publication。,2026-10-01
boswellia,口服/补剂,乳香提取物,Boswellia,193,9.3,1,0.518,5.18,小分母,低撤稿密度,1,1,2012,低撤稿观察量,这个主题检出过撤稿记录，说明仍需要看研究质量和复核状态。,同一口径下总发表 193 篇；每 1000 篇约 5.18 篇撤稿。,PubMed 近20年；分母为同一题名/语境检索下的总发表量，分子为其中 PubMed Retracted Publication。,2026-10-01
beta-glucan,口服/补剂,β-葡聚糖,Beta-Glucan,1011,48.7,1,0.099,0.99,大分母,低撤稿密度,1,1,2020,低撤稿观察量,这个主题检出过撤稿记录，说明仍需要看研究质量和复核状态。,同一口径下总发表 1011 篇；每 1000 篇约 0.99 篇撤稿。,PubMed 近20年；分母为同一题名/语境检索下的总发表量，分子为其中 PubMed Retracted Publication。,2026-10-01
d-mannose,口服/补剂,D-甘露糖,D-Mannose,650,31.3,1,0.154,1.54,中等分母,低撤稿密度,1,1,2020,低撤稿观察量,这个主题检出过撤稿记录，说明仍需要看研究质量和复核状态。,同一口径下总发表 650 篇；每 1000 篇约 1.54 篇撤稿。,PubMed 近20年；分母为同一题名/语境检索下的总发表量，分子为其中 PubMed Retracted Publication。,2026-10-01
5-htp,口服/补剂,5-HTP,5-HTP,94,4.5,1,1.064,10.64,小分母,低撤稿密度,1,1,2009,低撤稿观察量,这个主题检出过撤稿记录，说明仍需要看研究质量和复核状态。,同一口径下总发表 94 篇；每 1000 篇约 10.64 篇撤稿。,PubMed 近20年；分母为同一题名/语境检索下的总发表量，分子为其中 PubMed Retracted Publication。,2026-10-01
skin-ceramides,皮肤外用,神经酰胺,Ceramides,664,32.0,0,0.000,0.00,中等分母,未检出撤稿,0,0,,未检出撤稿记录,这不等于完全没有问题，只表示本轮 PubMed 检索未发现匹配撤稿记录。,同一口径下总发表 664 篇；每 1000 篇约 0.00 篇撤稿。,PubMed 近20年；分母为同一题名/语境检索下的总发表量，分子为其中 PubMed Retracted Publication。,2026-10-01
saw-palmetto,口服/补剂,锯棕榈,Saw Palmetto,45,2.2,0,0.000,0.00,很小分母,未检出撤稿,0,0,,未检出撤稿记录,这不等于完全没有问题，只表示本轮 PubMed 检索未发现匹配撤稿记录。,同一口径下总发表 45 篇；每 1000 篇约 0.00 篇撤稿。,PubMed 近20年；分母为同一题名/语境检索下的总发表量，分子为其中 PubMed Retracted Publication。,2026-10-01
chondroitin,口服/补剂,软骨素,Chondroitin,461,22.2,0,0.000,0.00,中等分母,未检出撤稿,0,0,,未检出撤稿记录,这不等于完全没有问题，只表示本轮 PubMed 检索未发现匹配撤稿记录。,同一口径下总发表 461 篇；每 1000 篇约 0.00 篇撤稿。,PubMed 近20年；分母为同一题名/语境检索下的总发表量，分子为其中 PubMed Retracted Publication。,2026-10-01
psyllium,口服/补剂,车前子壳/可溶性纤维,Psyllium / Soluble Fiber,319,15.4,0,0.000,0.00,中等分母,未检出撤稿,0,0,,未检出撤稿记录,这不等于完全没有问题，只表示本轮 PubMed 检索未发现匹配撤稿记录。,同一口径下总发表 319 篇；每 1000 篇约 0.00 篇撤稿。,PubMed 近20年；分母为同一题名/语境检索下的总发表量，分子为其中 PubMed Retracted Publication。,2026-10-01
protein-eaa,口服/补剂,蛋白粉/必需氨基酸,Protein / Essential Amino Acids,454,21.9,0,0.000,0.00,中等分母,未检出撤稿,0,0,,未检出撤稿记录,这不等于完全没有问题，只表示本轮 PubMed 检索未发现匹配撤稿记录。,同一口径下总发表 454 篇；每 1000 篇约 0.00 篇撤稿。,PubMed 近20年；分母为同一题名/语境检索下的总发表量，分子为其中 PubMed Retracted Publication。,2026-10-01
cranberry,口服/补剂,蔓越莓,Cranberry,448,21.6,0,0.000,0.00,中等分母,未检出撤稿,0,0,,未检出撤稿记录,这不等于完全没有问题，只表示本轮 PubMed 检索未发现匹配撤稿记录。,同一口径下总发表 448 篇；每 1000 篇约 0.00 篇撤稿。,PubMed 近20年；分母为同一题名/语境检索下的总发表量，分子为其中 PubMed Retracted Publication。,2026-10-01
collagen-peptides,口服/补剂,胶原蛋白/胶原肽,Collagen Peptides,361,17.4,0,0.000,0.00,中等分母,未检出撤稿,0,0,,未检出撤稿记录,这不等于完全没有问题，只表示本轮 PubMed 检索未发现匹配撤稿记录。,同一口径下总发表 361 篇；每 1000 篇约 0.00 篇撤稿。,PubMed 近20年；分母为同一题名/语境检索下的总发表量，分子为其中 PubMed Retracted Publication。,2026-10-01
citicoline,口服/补剂,胞磷胆碱,Citicoline,120,5.8,0,0.000,0.00,小分母,未检出撤稿,0,0,,未检出撤稿记录,这不等于完全没有问题，只表示本轮 PubMed 检索未发现匹配撤稿记录。,同一口径下总发表 120 篇；每 1000 篇约 0.00 篇撤稿。,PubMed 近20年；分母为同一题名/语境检索下的总发表量，分子为其中 PubMed Retracted Publication。,2026-10-01
creatine,口服/补剂,肌酸,Creatine,1665,80.3,0,0.000,0.00,大分母,未检出撤稿,0,0,,未检出撤稿记录,这不等于完全没有问题，只表示本轮 PubMed 检索未发现匹配撤稿记录。,同一口径下总发表 1665 篇；每 1000 篇约 0.00 篇撤稿。,PubMed 近20年；分母为同一题名/语境检索下的总发表量，分子为其中 PubMed Retracted Publication。,2026-10-01
valerian,口服/补剂,缬草,Valerian,38,1.8,0,0.000,0.00,很小分母,未检出撤稿,0,0,,未检出撤稿记录,这不等于完全没有问题，只表示本轮 PubMed 检索未发现匹配撤稿记录。,同一口径下总发表 38 篇；每 1000 篇约 0.00 篇撤稿。,PubMed 近20年；分母为同一题名/语境检索下的总发表量，分子为其中 PubMed Retracted Publication。,2026-10-01
red-yeast-rice,口服/补剂,红曲米,Red Yeast Rice,543,26.2,0,0.000,0.00,中等分母,未检出撤稿,0,0,,未检出撤稿记录,这不等于完全没有问题，只表示本轮 PubMed 检索未发现匹配撤稿记录。,同一口径下总发表 543 篇；每 1000 篇约 0.00 篇撤稿。,PubMed 近20年；分母为同一题名/语境检索下的总发表量，分子为其中 PubMed Retracted Publication。,2026-10-01
ceramides,口服/补剂,神经酰胺,Ceramides,135,6.5,0,0.000,0.00,小分母,未检出撤稿,0,0,,未检出撤稿记录,这不等于完全没有问题，只表示本轮 PubMed 检索未发现匹配撤稿记录。,同一口径下总发表 135 篇；每 1000 篇约 0.00 篇撤稿。,PubMed 近20年；分母为同一题名/语境检索下的总发表量，分子为其中 PubMed Retracted Publication。,2026-10-01
phosphatidylserine,口服/补剂,磷脂酰丝氨酸,Phosphatidylserine,253,12.2,0,0.000,0.00,中等分母,未检出撤稿,0,0,,未检出撤稿记录,这不等于完全没有问题，只表示本轮 PubMed 检索未发现匹配撤稿记录。,同一口径下总发表 253 篇；每 1000 篇约 0.00 篇撤稿。,PubMed 近20年；分母为同一题名/语境检索下的总发表量，分子为其中 PubMed Retracted Publication。,2026-10-01
electrolytes,口服/补剂,电解质,Electrolytes,232,11.2,0,0.000,0.00,中等分母,未检出撤稿,0,0,,未检出撤稿记录,这不等于完全没有问题，只表示本轮 PubMed 检索未发现匹配撤稿记录。,同一口径下总发表 232 篇；每 1000 篇约 0.00 篇撤稿。,PubMed 近20年；分母为同一题名/语境检索下的总发表量，分子为其中 PubMed Retracted Publication。,2026-10-01
borage-oil,口服/补剂,琉璃苣油,Borage Oil,13,0.6,0,0.000,0.00,很小分母,未检出撤稿,0,0,,未检出撤稿记录,这不等于完全没有问题，只表示本轮 PubMed 检索未发现匹配撤稿记录。,分母只有 13 篇，撤稿比例容易被单篇记录放大。,PubMed 近20年；分母为同一题名/语境检索下的总发表量，分子为其中 PubMed Retracted Publication。,2026-10-01
niacinamide,口服/补剂,烟酰胺,Niacinamide,49,2.4,0,0.000,0.00,很小分母,未检出撤稿,0,0,,未检出撤稿记录,这不等于完全没有问题，只表示本轮 PubMed 检索未发现匹配撤稿记录。,同一口径下总发表 49 篇；每 1000 篇约 0.00 篇撤稿。,PubMed 近20年；分母为同一题名/语境检索下的总发表量，分子为其中 PubMed Retracted Publication。,2026-10-01
olive-leaf,口服/补剂,橄榄叶提取物,Olive Leaf Extract,466,22.5,0,0.000,0.00,中等分母,未检出撤稿,0,0,,未检出撤稿记录,这不等于完全没有问题，只表示本轮 PubMed 检索未发现匹配撤稿记录。,同一口径下总发表 466 篇；每 1000 篇约 0.00 篇撤稿。,PubMed 近20年；分母为同一题名/语境检索下的总发表量，分子为其中 PubMed Retracted Publication。,2026-10-01
policosanol,口服/补剂,普利醇,Policosanol,78,3.8,0,0.000,0.00,小分母,未检出撤稿,0,0,,未检出撤稿记录,这不等于完全没有问题，只表示本轮 PubMed 检索未发现匹配撤稿记录。,同一口径下总发表 78 篇；每 1000 篇约 0.00 篇撤稿。,PubMed 近20年；分母为同一题名/语境检索下的总发表量，分子为其中 PubMed Retracted Publication。,2026-10-01
wheatgrass,口服/补剂,小麦草,Wheatgrass,57,2.7,0,0.000,0.00,小分母,未检出撤稿,0,0,,未检出撤稿记录,这不等于完全没有问题，只表示本轮 PubMed 检索未发现匹配撤稿记录。,同一口径下总发表 57 篇；每 1000 篇约 0.00 篇撤稿。,PubMed 近20年；分母为同一题名/语境检索下的总发表量，分子为其中 PubMed Retracted Publication。,2026-10-01
chlorella,口服/补剂,小球藻,Chlorella,888,42.8,0,0.000,0.00,中等分母,未检出撤稿,0,0,,未检出撤稿记录,这不等于完全没有问题，只表示本轮 PubMed 检索未发现匹配撤稿记录。,同一口径下总发表 888 篇；每 1000 篇约 0.00 篇撤稿。,PubMed 近20年；分母为同一题名/语境检索下的总发表量，分子为其中 PubMed Retracted Publication。,2026-10-01
cocoa-flavanols,口服/补剂,可可黄烷醇,Cocoa Flavanols,90,4.3,0,0.000,0.00,小分母,未检出撤稿,0,0,,未检出撤稿记录,这不等于完全没有问题，只表示本轮 PubMed 检索未发现匹配撤稿记录。,同一口径下总发表 90 篇；每 1000 篇约 0.00 篇撤稿。,PubMed 近20年；分母为同一题名/语境检索下的总发表量，分子为其中 PubMed Retracted Publication。,2026-10-01
ashwagandha,口服/补剂,南非醉茄,Ashwagandha,160,7.7,0,0.000,0.00,小分母,未检出撤稿,0,0,,未检出撤稿记录,这不等于完全没有问题，只表示本轮 PubMed 检索未发现匹配撤稿记录。,同一口径下总发表 160 篇；每 1000 篇约 0.00 篇撤稿。,PubMed 近20年；分母为同一题名/语境检索下的总发表量，分子为其中 PubMed Retracted Publication。,2026-10-01
cla,口服/补剂,共轭亚油酸,Conjugated Linoleic Acid,1093,52.7,0,0.000,0.00,大分母,未检出撤稿,0,0,,未检出撤稿记录,这不等于完全没有问题，只表示本轮 PubMed 检索未发现匹配撤稿记录。,同一口径下总发表 1093 篇；每 1000 篇约 0.00 篇撤稿。,PubMed 近20年；分母为同一题名/语境检索下的总发表量，分子为其中 PubMed Retracted Publication。,2026-10-01
collagen-type-ii,口服/补剂,二型胶原,Type II Collagen,133,6.4,0,0.000,0.00,小分母,未检出撤稿,0,0,,未检出撤稿记录,这不等于完全没有问题，只表示本轮 PubMed 检索未发现匹配撤稿记录。,同一口径下总发表 133 篇；每 1000 篇约 0.00 篇撤稿。,PubMed 近20年；分母为同一题名/语境检索下的总发表量，分子为其中 PubMed Retracted Publication。,2026-10-01
acetyl-l-carnitine,口服/补剂,乙酰左旋肉碱,Acetyl-L-Carnitine,156,7.5,0,0.000,0.00,小分母,未检出撤稿,0,0,,未检出撤稿记录,这不等于完全没有问题，只表示本轮 PubMed 检索未发现匹配撤稿记录。,同一口径下总发表 156 篇；每 1000 篇约 0.00 篇撤稿。,PubMed 近20年；分母为同一题名/语境检索下的总发表量，分子为其中 PubMed Retracted Publication。,2026-10-01
beta-alanine,口服/补剂,β-丙氨酸,Beta-Alanine,318,15.3,0,0.000,0.00,中等分母,未检出撤稿,0,0,,未检出撤稿记录,这不等于完全没有问题，只表示本轮 PubMed 检索未发现匹配撤稿记录。,同一口径下总发表 318 篇；每 1000 篇约 0.00 篇撤稿。,PubMed 近20年；分母为同一题名/语境检索下的总发表量，分子为其中 PubMed Retracted Publication。,2026-10-01
sam-e,口服/补剂,SAM-e,S-Adenosylmethionine,197,9.5,0,0.000,0.00,小分母,未检出撤稿,0,0,,未检出撤稿记录,这不等于完全没有问题，只表示本轮 PubMed 检索未发现匹配撤稿记录。,同一口径下总发表 197 篇；每 1000 篇约 0.00 篇撤稿。,PubMed 近20年；分母为同一题名/语境检索下的总发表量，分子为其中 PubMed Retracted Publication。,2026-10-01
nr,口服/补剂,NR,Nicotinamide Riboside,225,10.8,0,0.000,0.00,中等分母,未检出撤稿,0,0,,未检出撤稿记录,这不等于完全没有问题，只表示本轮 PubMed 检索未发现匹配撤稿记录。,同一口径下总发表 225 篇；每 1000 篇约 0.00 篇撤稿。,PubMed 近20年；分母为同一题名/语境检索下的总发表量，分子为其中 PubMed Retracted Publication。,2026-10-01
nmn,口服/补剂,NMN,NMN,273,13.2,0,0.000,0.00,中等分母,未检出撤稿,0,0,,未检出撤稿记录,这不等于完全没有问题，只表示本轮 PubMed 检索未发现匹配撤稿记录。,同一口径下总发表 273 篇；每 1000 篇约 0.00 篇撤稿。,PubMed 近20年；分母为同一题名/语境检索下的总发表量，分子为其中 PubMed Retracted Publication。,2026-10-01
nad-precursors,口服/补剂,NAD 前体,NAD Precursors,497,24.0,0,0.000,0.00,中等分母,未检出撤稿,0,0,,未检出撤稿记录,这不等于完全没有问题，只表示本轮 PubMed 检索未发现匹配撤稿记录。,同一口径下总发表 497 篇；每 1000 篇约 0.00 篇撤稿。,PubMed 近20年；分母为同一题名/语境检索下的总发表量，分子为其中 PubMed Retracted Publication。,2026-10-01
msm,口服/补剂,MSM,Methylsulfonylmethane,257,12.4,0,0.000,0.00,中等分母,未检出撤稿,0,0,,未检出撤稿记录,这不等于完全没有问题，只表示本轮 PubMed 检索未发现匹配撤稿记录。,同一口径下总发表 257 篇；每 1000 篇约 0.00 篇撤稿。,PubMed 近20年；分母为同一题名/语境检索下的总发表量，分子为其中 PubMed Retracted Publication。,2026-10-01
mct-oil,口服/补剂,MCT 油,MCT Oil,143,6.9,0,0.000,0.00,小分母,未检出撤稿,0,0,,未检出撤稿记录,这不等于完全没有问题，只表示本轮 PubMed 检索未发现匹配撤稿记录。,同一口径下总发表 143 篇；每 1000 篇约 0.00 篇撤稿。,PubMed 近20年；分母为同一题名/语境检索下的总发表量，分子为其中 PubMed Retracted Publication。,2026-10-01
l-theanine,口服/补剂,L-茶氨酸,L-Theanine,278,13.4,0,0.000,0.00,中等分母,未检出撤稿,0,0,,未检出撤稿记录,这不等于完全没有问题，只表示本轮 PubMed 检索未发现匹配撤稿记录。,同一口径下总发表 278 篇；每 1000 篇约 0.00 篇撤稿。,PubMed 近20年；分母为同一题名/语境检索下的总发表量，分子为其中 PubMed Retracted Publication。,2026-10-01
hmb,口服/补剂,HMB,HMB,128,6.2,0,0.000,0.00,小分母,未检出撤稿,0,0,,未检出撤稿记录,这不等于完全没有问题，只表示本轮 PubMed 检索未发现匹配撤稿记录。,同一口径下总发表 128 篇；每 1000 篇约 0.00 篇撤稿。,PubMed 近20年；分母为同一题名/语境检索下的总发表量，分子为其中 PubMed Retracted Publication。,2026-10-01
