supplement_id,name_zh,name_en,category,longevity_evidence_level,skin_beauty_evidence_level,longevity_endpoint_class,skin_endpoint_class,supported_claim_zh,unsupported_claim_zh,safety_notes_zh,medical_supervision_needed,commercial_overclaim_risk,summary_zh,summary_en,status,last_checked
vitamin-d,维生素 D,Vitamin D,vitamin,B,D,L1/L2,M,缺乏或高风险人群的骨骼、跌倒和部分健康结局管理更有意义。,不支持健康人群普遍补充即可延寿或美容逆龄。,过量可导致高钙血症；检测和补充策略宜结合医生建议。,true,medium,维生素 D：健康寿命证据草判 B；皮肤美容证据草判 D。缺乏或高风险人群的骨骼、跌倒和部分健康结局管理更有意义。,Vitamin D: draft longevity evidence B; draft skin/beauty evidence D. Not a dosing or product recommendation.,public_draft_not_fully_reviewed,2026-04-28
vitamin-c,维生素 C,Vitamin C,vitamin,C,C,L2,S1/S2,可支持缺乏风险、饮食不足或外用皮肤抗氧化方向的候选证据。,不支持高剂量口服维C延寿或替代防晒。,高剂量可能增加胃肠不适和结石风险人群负担。,false,medium,维生素 C：健康寿命证据草判 C；皮肤美容证据草判 C。可支持缺乏风险、饮食不足或外用皮肤抗氧化方向的候选证据。,Vitamin C: draft longevity evidence C; draft skin/beauty evidence C. Not a dosing or product recommendation.,public_draft_not_fully_reviewed,2026-04-28
omega-3,Omega-3,Omega-3 Fatty Acids,fatty_acid,B,C,L1/L2,S1/M,部分心血管、甘油三酯和炎症相关场景有证据基础。,不支持声称普通人补充即可延寿或全面抗炎抗老。,抗凝药、手术前和高剂量使用需医疗评估。,true,medium,Omega-3：健康寿命证据草判 B；皮肤美容证据草判 C。部分心血管、甘油三酯和炎症相关场景有证据基础。,Omega-3 Fatty Acids: draft longevity evidence B; draft skin/beauty evidence C. Not a dosing or product recommendation.,public_draft_not_fully_reviewed,2026-04-28
collagen-peptides,胶原蛋白/胶原肽,Collagen Peptides,protein,D,B,M,S1,可支持皮肤水分、弹性和皱纹等外观终点的候选证据。,不支持声称补胶原能直接变成年轻皮肤或延寿。,注意过敏、蛋白来源和基础肾病人群。,false,high,胶原蛋白/胶原肽：健康寿命证据草判 D；皮肤美容证据草判 B。可支持皮肤水分、弹性和皱纹等外观终点的候选证据。,Collagen Peptides: draft longevity evidence D; draft skin/beauty evidence B. Not a dosing or product recommendation.,public_draft_not_fully_reviewed,2026-04-28
protein-eaa,蛋白粉/必需氨基酸,Protein / Essential Amino Acids,protein,B,D,L2,M,可支持肌肉、衰弱和营养不足相关健康寿命终点。,不支持作为皮肤美容或延寿万能补剂。,肾病、肝病和特殊疾病人群需医生/营养师评估。,true,medium,蛋白粉/必需氨基酸：健康寿命证据草判 B；皮肤美容证据草判 D。可支持肌肉、衰弱和营养不足相关健康寿命终点。,Protein / Essential Amino Acids: draft longevity evidence B; draft skin/beauty evidence D. Not a dosing or product recommendation.,public_draft_not_fully_reviewed,2026-04-28
creatine,肌酸,Creatine,sports_nutrition,B,D,L2,M,可支持力量、肌肉和老年功能相关候选证据。,不支持声称抗衰逆龄或皮肤美容明确有效。,肾病或多药人群需医疗评估。,true,medium,肌酸：健康寿命证据草判 B；皮肤美容证据草判 D。可支持力量、肌肉和老年功能相关候选证据。,Creatine: draft longevity evidence B; draft skin/beauty evidence D. Not a dosing or product recommendation.,public_draft_not_fully_reviewed,2026-04-28
calcium-magnesium,钙/镁,Calcium / Magnesium,mineral,B,D,L1/L2,M,特定缺乏、骨骼或膳食不足场景可有意义。,不支持无差别补充来延寿或美容。,钙补充与肾结石、心血管风险讨论需个体化；镁也需注意肾功能。,true,medium,钙/镁：健康寿命证据草判 B；皮肤美容证据草判 D。特定缺乏、骨骼或膳食不足场景可有意义。,Calcium / Magnesium: draft longevity evidence B; draft skin/beauty evidence D. Not a dosing or product recommendation.,public_draft_not_fully_reviewed,2026-04-28
zinc,锌,Zinc,mineral,C,C,L2,S1/M,缺乏或特定皮肤炎症场景可作为候选证据。,不支持长期高剂量用于抗老或提升免疫。,长期过量可影响铜代谢和胃肠耐受。,true,medium,锌：健康寿命证据草判 C；皮肤美容证据草判 C。缺乏或特定皮肤炎症场景可作为候选证据。,Zinc: draft longevity evidence C; draft skin/beauty evidence C. Not a dosing or product recommendation.,public_draft_not_fully_reviewed,2026-04-28
coq10,辅酶 Q10,Coenzyme Q10,mitochondrial,C,D,L2/M,M,可作为线粒体、心血管和疲劳相关候选证据。,不支持声称明确延寿或皮肤逆龄。,与抗凝药和慢病用药需注意相互作用。,true,high,辅酶 Q10：健康寿命证据草判 C；皮肤美容证据草判 D。可作为线粒体、心血管和疲劳相关候选证据。,Coenzyme Q10: draft longevity evidence C; draft skin/beauty evidence D. Not a dosing or product recommendation.,public_draft_not_fully_reviewed,2026-04-28
melatonin,褪黑素,Melatonin,sleep,B,D,L2,M,可支持睡眠节律相关场景的候选证据。,不支持把它作为长期抗衰或美容补剂。,嗜睡、药物相互作用、孕期和儿童需谨慎。,true,medium,褪黑素：健康寿命证据草判 B；皮肤美容证据草判 D。可支持睡眠节律相关场景的候选证据。,Melatonin: draft longevity evidence B; draft skin/beauty evidence D. Not a dosing or product recommendation.,public_draft_not_fully_reviewed,2026-04-28
probiotics,益生菌,Probiotics,microbiome,C,C,L2/M,S1/M,部分肠道、炎症和皮肤屏障/炎症场景有候选证据。,不支持单一益生菌适用于所有人抗衰或美容。,免疫抑制、重症或中心静脉置管人群需医疗评估。,true,high,益生菌：健康寿命证据草判 C；皮肤美容证据草判 C。部分肠道、炎症和皮肤屏障/炎症场景有候选证据。,Probiotics: draft longevity evidence C; draft skin/beauty evidence C. Not a dosing or product recommendation.,public_draft_not_fully_reviewed,2026-04-28
nmn,NMN,NMN,nad_precursor,C,D,L2/M,M,可作为 NAD 代谢和人体早期指标研究候选。,不支持声称已证实延寿、逆龄或美容抗老。,长期安全性和适用人群仍不清楚。,false,high,NMN：健康寿命证据草判 C；皮肤美容证据草判 D。可作为 NAD 代谢和人体早期指标研究候选。,NMN: draft longevity evidence C; draft skin/beauty evidence D. Not a dosing or product recommendation.,public_draft_not_fully_reviewed,2026-04-28
nr,NR,Nicotinamide Riboside,nad_precursor,C,D,L2/M,M,可作为 NAD 前体和代谢指标研究候选。,不支持声称已证实延寿或外观逆龄。,长期净收益和特殊疾病人群安全性仍需复核。,false,high,NR：健康寿命证据草判 C；皮肤美容证据草判 D。可作为 NAD 前体和代谢指标研究候选。,Nicotinamide Riboside: draft longevity evidence C; draft skin/beauty evidence D. Not a dosing or product recommendation.,public_draft_not_fully_reviewed,2026-04-28
nad-precursors,NAD 前体,NAD Precursors,nad_precursor,C,D,L2/M,M,可作为机制和早期人体研究集合。,不支持把 NAD 提升等同于延寿或抗老成功。,不同前体不能混为同一效果。,false,high,NAD 前体：健康寿命证据草判 C；皮肤美容证据草判 D。可作为机制和早期人体研究集合。,NAD Precursors: draft longevity evidence C; draft skin/beauty evidence D. Not a dosing or product recommendation.,public_draft_not_fully_reviewed,2026-04-28
resveratrol,白藜芦醇,Resveratrol,polyphenol,C,C,L2/M,S1/M,可作为多酚、代谢和皮肤光保护候选证据。,不支持红酒/白藜芦醇延寿或逆龄宣传。,药物相互作用和剂量差异大。,true,high,白藜芦醇：健康寿命证据草判 C；皮肤美容证据草判 C。可作为多酚、代谢和皮肤光保护候选证据。,Resveratrol: draft longevity evidence C; draft skin/beauty evidence C. Not a dosing or product recommendation.,public_draft_not_fully_reviewed,2026-04-28
quercetin,槲皮素,Quercetin,polyphenol,D,D,M,M,可作为抗氧化、炎症和 senolytic 组合研究线索。,不支持单独作为抗衰、清除衰老细胞或美容方案。,与药物代谢相关相互作用需注意。,true,high,槲皮素：健康寿命证据草判 D；皮肤美容证据草判 D。可作为抗氧化、炎症和 senolytic 组合研究线索。,Quercetin: draft longevity evidence D; draft skin/beauty evidence D. Not a dosing or product recommendation.,public_draft_not_fully_reviewed,2026-04-28
curcumin,姜黄素,Curcumin,polyphenol,C,D,L2/M,M,可作为炎症和代谢相关候选证据。,不支持声称抗癌、延寿或皮肤逆龄。,胆道疾病、抗凝药和胃肠耐受需注意。,true,high,姜黄素：健康寿命证据草判 C；皮肤美容证据草判 D。可作为炎症和代谢相关候选证据。,Curcumin: draft longevity evidence C; draft skin/beauty evidence D. Not a dosing or product recommendation.,public_draft_not_fully_reviewed,2026-04-28
green-tea-catechins,绿茶儿茶素,Green Tea Catechins,polyphenol,C,C,L2/M,S1/M,可作为代谢和皮肤光保护候选证据。,不支持高浓缩提取物无风险或明确延寿。,高剂量提取物有肝毒性报告，需谨慎。,true,high,绿茶儿茶素：健康寿命证据草判 C；皮肤美容证据草判 C。可作为代谢和皮肤光保护候选证据。,Green Tea Catechins: draft longevity evidence C; draft skin/beauty evidence C. Not a dosing or product recommendation.,public_draft_not_fully_reviewed,2026-04-28
astaxanthin,虾青素,Astaxanthin,antioxidant,D,C,M,S1/S2,可作为皮肤光保护和抗氧化候选证据。,不支持声称防晒替代、逆龄或延寿。,长期高剂量和特殊人群安全性仍需复核。,false,high,虾青素：健康寿命证据草判 D；皮肤美容证据草判 C。可作为皮肤光保护和抗氧化候选证据。,Astaxanthin: draft longevity evidence D; draft skin/beauty evidence C. Not a dosing or product recommendation.,public_draft_not_fully_reviewed,2026-04-28
hyaluronic-acid,透明质酸,Hyaluronic Acid,skin_hydration,D,B,M,S1,可支持皮肤水分和屏障相关候选证据。,不支持声称系统性抗衰或延寿。,注射类属于医疗美容，不纳入口服/外用普通补剂结论。,false,medium,透明质酸：健康寿命证据草判 D；皮肤美容证据草判 B。可支持皮肤水分和屏障相关候选证据。,Hyaluronic Acid: draft longevity evidence D; draft skin/beauty evidence B. Not a dosing or product recommendation.,public_draft_not_fully_reviewed,2026-04-28
ceramides,神经酰胺,Ceramides,skin_barrier,D,B,M,S1,可支持干燥、屏障和 TEWL 相关皮肤终点。,不支持声称逆龄或治疗皮肤病。,皮肤病治疗需医生评估。,false,medium,神经酰胺：健康寿命证据草判 D；皮肤美容证据草判 B。可支持干燥、屏障和 TEWL 相关皮肤终点。,Ceramides: draft longevity evidence D; draft skin/beauty evidence B. Not a dosing or product recommendation.,public_draft_not_fully_reviewed,2026-04-28
niacinamide,烟酰胺,Niacinamide,vitamin_b3,C,B,L2/M,S1,可支持皮肤屏障、色素和炎症相关候选证据。,不支持把烟酰胺写成延寿或全面抗衰。,口服高剂量和肝病/慢病人群需谨慎。,false,medium,烟酰胺：健康寿命证据草判 C；皮肤美容证据草判 B。可支持皮肤屏障、色素和炎症相关候选证据。,Niacinamide: draft longevity evidence C; draft skin/beauty evidence B. Not a dosing or product recommendation.,public_draft_not_fully_reviewed,2026-04-28
vitamin-b12,维生素 B12,Vitamin B12,vitamin,B,D,L2,M,可支持缺乏、贫血和神经相关风险管理。,不支持非缺乏人群补充即可延寿或美容。,需结合缺乏风险、素食、胃肠疾病和用药情况。,true,medium,维生素 B12：健康寿命证据草判 B；皮肤美容证据草判 D。可支持缺乏、贫血和神经相关风险管理。,Vitamin B12: draft longevity evidence B; draft skin/beauty evidence D. Not a dosing or product recommendation.,public_draft_not_fully_reviewed,2026-04-28
folate,叶酸,Folate,vitamin,B,D,L1/L2,M,可支持孕前孕期和缺乏风险相关健康管理。,不支持作为抗衰或美容补剂泛用。,高剂量可能掩盖 B12 缺乏，需注意人群边界。,true,medium,叶酸：健康寿命证据草判 B；皮肤美容证据草判 D。可支持孕前孕期和缺乏风险相关健康管理。,Folate: draft longevity evidence B; draft skin/beauty evidence D. Not a dosing or product recommendation.,public_draft_not_fully_reviewed,2026-04-28
multivitamin,复合维生素,Multivitamin,multi_nutrient,C,D,L2/M,M,可作为饮食不足或特定人群营养补充候选。,不支持替代健康饮食、延寿或美容逆龄。,注意重复摄入脂溶性维生素和矿物质。,false,high,复合维生素：健康寿命证据草判 C；皮肤美容证据草判 D。可作为饮食不足或特定人群营养补充候选。,Multivitamin: draft longevity evidence C; draft skin/beauty evidence D. Not a dosing or product recommendation.,public_draft_not_fully_reviewed,2026-04-28
vitamin-e,维生素 E,Vitamin E,vitamin,C,C,L2/M,S2/M,可作为抗氧化相关候选证据。,不支持高剂量用于延寿、心血管预防或美容逆龄。,高剂量可能增加出血风险，抗凝药人群需谨慎。,true,high,维生素 E：健康寿命证据草判 C；皮肤美容证据草判 C。可作为抗氧化相关候选证据。,Vitamin E: draft longevity evidence C; draft skin/beauty evidence C. Not a dosing or product recommendation.,public_draft_not_fully_reviewed,2026-04-28
vitamin-a,维生素 A,Vitamin A,vitamin,C,C,L2/M,S2,可支持缺乏相关视力、免疫和皮肤角化问题。,不支持高剂量抗老或美容口服。,脂溶性维生素，过量和孕期风险较高。,true,high,维生素 A：健康寿命证据草判 C；皮肤美容证据草判 C。可支持缺乏相关视力、免疫和皮肤角化问题。,Vitamin A: draft longevity evidence C; draft skin/beauty evidence C. Not a dosing or product recommendation.,public_draft_not_fully_reviewed,2026-04-28
vitamin-k2,维生素 K2,Vitamin K2,vitamin,C,D,L2/M,M,可作为骨骼和钙代谢相关候选证据。,不支持声称软化血管、延寿或美容。,华法林等抗凝药人群需医生评估。,true,high,维生素 K2：健康寿命证据草判 C；皮肤美容证据草判 D。可作为骨骼和钙代谢相关候选证据。,Vitamin K2: draft longevity evidence C; draft skin/beauty evidence D. Not a dosing or product recommendation.,public_draft_not_fully_reviewed,2026-04-28
selenium,硒,Selenium,mineral,C,D,L2/M,M,可支持缺乏或甲状腺相关候选证据。,不支持高剂量抗癌、延寿或美容。,过量可导致硒中毒，安全窗较窄。,true,high,硒：健康寿命证据草判 C；皮肤美容证据草判 D。可支持缺乏或甲状腺相关候选证据。,Selenium: draft longevity evidence C; draft skin/beauty evidence D. Not a dosing or product recommendation.,public_draft_not_fully_reviewed,2026-04-28
iodine,碘,Iodine,mineral,B,D,L2,M,可支持缺乏和甲状腺健康管理。,不支持抗衰或美容泛用。,甲状腺疾病人群补充需医生评估。,true,medium,碘：健康寿命证据草判 B；皮肤美容证据草判 D。可支持缺乏和甲状腺健康管理。,Iodine: draft longevity evidence B; draft skin/beauty evidence D. Not a dosing or product recommendation.,public_draft_not_fully_reviewed,2026-04-28
iron,铁,Iron,mineral,B,D,L2,M,可支持缺铁和贫血相关健康管理。,不支持无缺乏人群补铁抗老。,过量铁有风险，需结合铁蛋白和医生评估。,true,medium,铁：健康寿命证据草判 B；皮肤美容证据草判 D。可支持缺铁和贫血相关健康管理。,Iron: draft longevity evidence B; draft skin/beauty evidence D. Not a dosing or product recommendation.,public_draft_not_fully_reviewed,2026-04-28
copper,铜,Copper,mineral,C,D,L2/M,M,可支持明确缺乏相关候选证据。,不支持作为美容或抗衰补剂泛用。,过量有毒性，且与锌摄入存在平衡问题。,true,medium,铜：健康寿命证据草判 C；皮肤美容证据草判 D。可支持明确缺乏相关候选证据。,Copper: draft longevity evidence C; draft skin/beauty evidence D. Not a dosing or product recommendation.,public_draft_not_fully_reviewed,2026-04-28
manganese,锰,Manganese,mineral,D,D,M,M,可作为微量元素缺乏风险线索。,不支持抗衰或美容宣传。,过量有神经毒性风险。,true,medium,锰：健康寿命证据草判 D；皮肤美容证据草判 D。可作为微量元素缺乏风险线索。,Manganese: draft longevity evidence D; draft skin/beauty evidence D. Not a dosing or product recommendation.,public_draft_not_fully_reviewed,2026-04-28
chromium,铬,Chromium,mineral,C,D,L2/M,M,可作为糖代谢相关候选证据。,不支持减肥、控糖或延寿确定有效宣传。,糖尿病用药人群需注意低血糖和相互作用。,true,high,铬：健康寿命证据草判 C；皮肤美容证据草判 D。可作为糖代谢相关候选证据。,Chromium: draft longevity evidence C; draft skin/beauty evidence D. Not a dosing or product recommendation.,public_draft_not_fully_reviewed,2026-04-28
potassium,钾,Potassium,mineral,B,D,L2,M,可支持血压和膳食模式相关健康管理。,不支持自行高剂量补钾抗衰。,肾病、ACEI/ARB 或保钾利尿剂人群风险高。,true,medium,钾：健康寿命证据草判 B；皮肤美容证据草判 D。可支持血压和膳食模式相关健康管理。,Potassium: draft longevity evidence B; draft skin/beauty evidence D. Not a dosing or product recommendation.,public_draft_not_fully_reviewed,2026-04-28
electrolytes,电解质,Electrolytes,mineral_mix,C,D,L2/M,M,可支持出汗、运动或脱水场景。,不支持日常抗衰或美容泛用。,高血压、肾病和心衰人群需看钠钾负担。,true,medium,电解质：健康寿命证据草判 C；皮肤美容证据草判 D。可支持出汗、运动或脱水场景。,Electrolytes: draft longevity evidence C; draft skin/beauty evidence D. Not a dosing or product recommendation.,public_draft_not_fully_reviewed,2026-04-28
psyllium,车前子壳/可溶性纤维,Psyllium / Soluble Fiber,fiber,B,D,L2,M,可支持 LDL-C、血糖和肠道规律相关终点。,不支持直接延寿或美容逆龄。,需注意饮水、吞咽困难和药物吸收间隔。,false,medium,车前子壳/可溶性纤维：健康寿命证据草判 B；皮肤美容证据草判 D。可支持 LDL-C、血糖和肠道规律相关终点。,Psyllium / Soluble Fiber: draft longevity evidence B; draft skin/beauty evidence D. Not a dosing or product recommendation.,public_draft_not_fully_reviewed,2026-04-28
beta-glucan,β-葡聚糖,Beta-Glucan,fiber,B,D,L2,M,可支持胆固醇和免疫相关候选证据。,不支持全面提升免疫或抗衰。,过敏和胃肠耐受需注意。,false,medium,β-葡聚糖：健康寿命证据草判 B；皮肤美容证据草判 D。可支持胆固醇和免疫相关候选证据。,Beta-Glucan: draft longevity evidence B; draft skin/beauty evidence D. Not a dosing or product recommendation.,public_draft_not_fully_reviewed,2026-04-28
inulin,菊粉,Inulin,prebiotic,C,D,L2/M,M,可作为益生元、肠道和代谢候选证据。,不支持所有人群肠道抗老。,易腹胀，肠易激人群需谨慎。,false,medium,菊粉：健康寿命证据草判 C；皮肤美容证据草判 D。可作为益生元、肠道和代谢候选证据。,Inulin: draft longevity evidence C; draft skin/beauty evidence D. Not a dosing or product recommendation.,public_draft_not_fully_reviewed,2026-04-28
prebiotic-mix,益生元复合物,Prebiotic Mix,prebiotic,C,D,L2/M,M,可支持肠道菌群和代谢候选证据。,不支持单独作为抗衰或美容方案。,肠道敏感人群需关注耐受。,false,high,益生元复合物：健康寿命证据草判 C；皮肤美容证据草判 D。可支持肠道菌群和代谢候选证据。,Prebiotic Mix: draft longevity evidence C; draft skin/beauty evidence D. Not a dosing or product recommendation.,public_draft_not_fully_reviewed,2026-04-28
lutein,叶黄素,Lutein,carotenoid,B,C,L1/L2,S2/M,可支持眼健康和黄斑相关证据。,不支持延寿或皮肤逆龄。,与综合配方和基础眼病状态有关。,false,medium,叶黄素：健康寿命证据草判 B；皮肤美容证据草判 C。可支持眼健康和黄斑相关证据。,Lutein: draft longevity evidence B; draft skin/beauty evidence C. Not a dosing or product recommendation.,public_draft_not_fully_reviewed,2026-04-28
zeaxanthin,玉米黄质,Zeaxanthin,carotenoid,B,C,L1/L2,S2/M,可支持眼健康和黄斑相关证据。,不支持美容或延寿泛用宣传。,常与叶黄素联用，需区分配方证据。,false,medium,玉米黄质：健康寿命证据草判 B；皮肤美容证据草判 C。可支持眼健康和黄斑相关证据。,Zeaxanthin: draft longevity evidence B; draft skin/beauty evidence C. Not a dosing or product recommendation.,public_draft_not_fully_reviewed,2026-04-28
lycopene,番茄红素,Lycopene,carotenoid,C,C,L2/M,S2/M,可作为抗氧化和皮肤光保护候选证据。,不支持抗癌、延寿或替代防晒。,补剂证据不能替代富含蔬果的饮食模式。,false,high,番茄红素：健康寿命证据草判 C；皮肤美容证据草判 C。可作为抗氧化和皮肤光保护候选证据。,Lycopene: draft longevity evidence C; draft skin/beauty evidence C. Not a dosing or product recommendation.,public_draft_not_fully_reviewed,2026-04-28
beta-carotene,β-胡萝卜素,Beta-Carotene,carotenoid,C,C,L2/M,S2/M,可作为维A来源和抗氧化候选证据。,不支持吸烟者补充用于防癌或抗衰。,吸烟者高剂量补充存在重要安全警示。,true,high,β-胡萝卜素：健康寿命证据草判 C；皮肤美容证据草判 C。可作为维A来源和抗氧化候选证据。,Beta-Carotene: draft longevity evidence C; draft skin/beauty evidence C. Not a dosing or product recommendation.,public_draft_not_fully_reviewed,2026-04-28
alpha-lipoic-acid,α-硫辛酸,Alpha-Lipoic Acid,antioxidant,C,D,L2/M,M,可作为糖代谢和神经症状候选证据。,不支持延寿或美容逆龄。,糖尿病用药人群需注意低血糖风险。,true,high,α-硫辛酸：健康寿命证据草判 C；皮肤美容证据草判 D。可作为糖代谢和神经症状候选证据。,Alpha-Lipoic Acid: draft longevity evidence C; draft skin/beauty evidence D. Not a dosing or product recommendation.,public_draft_not_fully_reviewed,2026-04-28
nac,NAC/N-乙酰半胱氨酸,N-Acetylcysteine,antioxidant,C,D,L2/M,M,可作为谷胱甘肽和呼吸/氧化应激相关候选证据。,不支持作为通用抗衰补剂。,哮喘、抗凝和药物相互作用需注意。,true,high,NAC/N-乙酰半胱氨酸：健康寿命证据草判 C；皮肤美容证据草判 D。可作为谷胱甘肽和呼吸/氧化应激相关候选证据。,N-Acetylcysteine: draft longevity evidence C; draft skin/beauty evidence D. Not a dosing or product recommendation.,public_draft_not_fully_reviewed,2026-04-28
glutathione,谷胱甘肽,Glutathione,antioxidant,D,C,M,S1/M,可作为色素和氧化应激候选证据。,不支持美白、排毒或逆龄确定有效宣传。,注射用途不属于普通补剂，存在医疗风险。,true,high,谷胱甘肽：健康寿命证据草判 D；皮肤美容证据草判 C。可作为色素和氧化应激候选证据。,Glutathione: draft longevity evidence D; draft skin/beauty evidence C. Not a dosing or product recommendation.,public_draft_not_fully_reviewed,2026-04-28
glycine,甘氨酸,Glycine,amino_acid,C,D,L2/M,M,可作为睡眠、代谢和胶原相关候选证据。,不支持延寿已证实。,特殊疾病和多补剂组合需谨慎。,false,medium,甘氨酸：健康寿命证据草判 C；皮肤美容证据草判 D。可作为睡眠、代谢和胶原相关候选证据。,Glycine: draft longevity evidence C; draft skin/beauty evidence D. Not a dosing or product recommendation.,public_draft_not_fully_reviewed,2026-04-28
taurine,牛磺酸,Taurine,amino_acid,C,D,L2/M,M,可作为代谢、运动和心血管候选证据。,不支持声称人类延寿已证实。,能量饮料配方不能等同于牛磺酸单独证据。,false,high,牛磺酸：健康寿命证据草判 C；皮肤美容证据草判 D。可作为代谢、运动和心血管候选证据。,Taurine: draft longevity evidence C; draft skin/beauty evidence D. Not a dosing or product recommendation.,public_draft_not_fully_reviewed,2026-04-28
l-carnitine,左旋肉碱,L-Carnitine,amino_acid_derivative,C,D,L2/M,M,可作为脂代谢、疲劳和特定缺乏候选证据。,不支持减肥或延寿确定有效。,肾病、癫痫和 TMAO 风险讨论需复核。,true,high,左旋肉碱：健康寿命证据草判 C；皮肤美容证据草判 D。可作为脂代谢、疲劳和特定缺乏候选证据。,L-Carnitine: draft longevity evidence C; draft skin/beauty evidence D. Not a dosing or product recommendation.,public_draft_not_fully_reviewed,2026-04-28
acetyl-l-carnitine,乙酰左旋肉碱,Acetyl-L-Carnitine,amino_acid_derivative,C,D,L2/M,M,可作为神经、疲劳和线粒体候选证据。,不支持逆龄或认知增强确定有效。,精神症状、癫痫和用药人群需谨慎。,true,high,乙酰左旋肉碱：健康寿命证据草判 C；皮肤美容证据草判 D。可作为神经、疲劳和线粒体候选证据。,Acetyl-L-Carnitine: draft longevity evidence C; draft skin/beauty evidence D. Not a dosing or product recommendation.,public_draft_not_fully_reviewed,2026-04-28
citrulline,瓜氨酸,Citrulline,sports_nutrition,C,D,L2/M,M,可作为运动表现和血流相关候选证据。,不支持延寿或美容。,低血压和硝酸酯类用药人群需谨慎。,true,medium,瓜氨酸：健康寿命证据草判 C；皮肤美容证据草判 D。可作为运动表现和血流相关候选证据。,Citrulline: draft longevity evidence C; draft skin/beauty evidence D. Not a dosing or product recommendation.,public_draft_not_fully_reviewed,2026-04-28
arginine,精氨酸,Arginine,sports_nutrition,C,D,L2/M,M,可作为血流和运动相关候选证据。,不支持抗衰或心血管治疗替代。,疱疹、低血压和心血管病史人群需谨慎。,true,medium,精氨酸：健康寿命证据草判 C；皮肤美容证据草判 D。可作为血流和运动相关候选证据。,Arginine: draft longevity evidence C; draft skin/beauty evidence D. Not a dosing or product recommendation.,public_draft_not_fully_reviewed,2026-04-28
beta-alanine,β-丙氨酸,Beta-Alanine,sports_nutrition,C,D,L2,M,可支持部分运动表现相关证据。,不支持延寿、美容或肌肉增长万能宣传。,常见刺痛感，特殊疾病人群需谨慎。,false,medium,β-丙氨酸：健康寿命证据草判 C；皮肤美容证据草判 D。可支持部分运动表现相关证据。,Beta-Alanine: draft longevity evidence C; draft skin/beauty evidence D. Not a dosing or product recommendation.,public_draft_not_fully_reviewed,2026-04-28
hmb,HMB,HMB,sports_nutrition,C,D,L2,M,可作为肌肉保留和老年营养候选证据。,不支持替代抗阻训练或延寿。,肾病和多种蛋白补剂叠加需注意。,true,medium,HMB：健康寿命证据草判 C；皮肤美容证据草判 D。可作为肌肉保留和老年营养候选证据。,HMB: draft longevity evidence C; draft skin/beauty evidence D. Not a dosing or product recommendation.,public_draft_not_fully_reviewed,2026-04-28
collagen-type-ii,二型胶原,Type II Collagen,joint_support,C,D,L2,M,可作为关节相关候选证据。,不支持皮肤逆龄或延寿。,自身免疫和过敏人群需谨慎。,true,medium,二型胶原：健康寿命证据草判 C；皮肤美容证据草判 D。可作为关节相关候选证据。,Type II Collagen: draft longevity evidence C; draft skin/beauty evidence D. Not a dosing or product recommendation.,public_draft_not_fully_reviewed,2026-04-28
glucosamine,氨糖,Glucosamine,joint_support,C,D,L2,M,可作为骨关节炎症状候选证据。,不支持软骨再生、延寿或美容。,糖尿病、贝类过敏和抗凝药人群需注意。,true,high,氨糖：健康寿命证据草判 C；皮肤美容证据草判 D。可作为骨关节炎症状候选证据。,Glucosamine: draft longevity evidence C; draft skin/beauty evidence D. Not a dosing or product recommendation.,public_draft_not_fully_reviewed,2026-04-28
chondroitin,软骨素,Chondroitin,joint_support,C,D,L2,M,可作为关节症状候选证据。,不支持延寿或皮肤抗老。,抗凝药人群需谨慎。,true,medium,软骨素：健康寿命证据草判 C；皮肤美容证据草判 D。可作为关节症状候选证据。,Chondroitin: draft longevity evidence C; draft skin/beauty evidence D. Not a dosing or product recommendation.,public_draft_not_fully_reviewed,2026-04-28
msm,MSM,Methylsulfonylmethane,joint_support,D,D,L2/M,M,可作为关节和炎症候选线索。,不支持抗衰、美容或治疗确定有效。,长期安全性和配方混杂需复核。,false,high,MSM：健康寿命证据草判 D；皮肤美容证据草判 D。可作为关节和炎症候选线索。,Methylsulfonylmethane: draft longevity evidence D; draft skin/beauty evidence D. Not a dosing or product recommendation.,public_draft_not_fully_reviewed,2026-04-28
boswellia,乳香提取物,Boswellia,botanical,C,D,L2/M,M,可作为关节和炎症候选证据。,不支持治疗替代或延寿。,与抗凝、胃肠耐受和产品质量有关。,true,high,乳香提取物：健康寿命证据草判 C；皮肤美容证据草判 D。可作为关节和炎症候选证据。,Boswellia: draft longevity evidence C; draft skin/beauty evidence D. Not a dosing or product recommendation.,public_draft_not_fully_reviewed,2026-04-28
ashwagandha,南非醉茄,Ashwagandha,botanical_adaptogen,C,D,L2/M,M,可作为压力、睡眠和主观疲劳候选证据。,不支持抗衰、增睾或治疗焦虑抑郁的确定宣传。,肝损伤个案、甲状腺和孕期风险需注意。,true,high,南非醉茄：健康寿命证据草判 C；皮肤美容证据草判 D。可作为压力、睡眠和主观疲劳候选证据。,Ashwagandha: draft longevity evidence C; draft skin/beauty evidence D. Not a dosing or product recommendation.,public_draft_not_fully_reviewed,2026-04-28
rhodiola,红景天,Rhodiola,botanical_adaptogen,D,D,L2/M,M,可作为疲劳和压力候选线索。,不支持延寿或增强免疫确定有效。,精神症状和用药相互作用需谨慎。,true,high,红景天：健康寿命证据草判 D；皮肤美容证据草判 D。可作为疲劳和压力候选线索。,Rhodiola: draft longevity evidence D; draft skin/beauty evidence D. Not a dosing or product recommendation.,public_draft_not_fully_reviewed,2026-04-28
ginseng,人参,Ginseng,botanical,C,D,L2/M,M,可作为疲劳、血糖和认知候选证据。,不支持包治百病或延寿。,血糖、血压、抗凝药和失眠风险需注意。,true,high,人参：健康寿命证据草判 C；皮肤美容证据草判 D。可作为疲劳、血糖和认知候选证据。,Ginseng: draft longevity evidence C; draft skin/beauty evidence D. Not a dosing or product recommendation.,public_draft_not_fully_reviewed,2026-04-28
maca,玛咖,Maca,botanical,D,D,M,M,可作为性健康和主观活力候选线索。,不支持抗衰、增睾或美容确定有效。,内分泌相关疾病人群需谨慎。,false,high,玛咖：健康寿命证据草判 D；皮肤美容证据草判 D。可作为性健康和主观活力候选线索。,Maca: draft longevity evidence D; draft skin/beauty evidence D. Not a dosing or product recommendation.,public_draft_not_fully_reviewed,2026-04-28
ginkgo,银杏,Ginkgo,botanical,C,D,L2/M,M,可作为认知和循环相关候选证据。,不支持预防痴呆、延寿或美容。,抗凝药、手术前和出血风险人群需谨慎。,true,high,银杏：健康寿命证据草判 C；皮肤美容证据草判 D。可作为认知和循环相关候选证据。,Ginkgo: draft longevity evidence C; draft skin/beauty evidence D. Not a dosing or product recommendation.,public_draft_not_fully_reviewed,2026-04-28
bacopa,婆罗米,Bacopa,botanical,C,D,L2/M,M,可作为认知相关候选证据。,不支持抗衰或治疗认知障碍。,胃肠反应、镇静和药物相互作用需注意。,true,high,婆罗米：健康寿命证据草判 C；皮肤美容证据草判 D。可作为认知相关候选证据。,Bacopa: draft longevity evidence C; draft skin/beauty evidence D. Not a dosing or product recommendation.,public_draft_not_fully_reviewed,2026-04-28
lions-mane,猴头菇,Lion's Mane,mushroom,D,D,M,M,可作为神经和认知候选线索。,不支持神经再生、延寿或美容确定有效。,过敏、产品质量和证据不足需提示。,false,high,猴头菇：健康寿命证据草判 D；皮肤美容证据草判 D。可作为神经和认知候选线索。,Lion's Mane: draft longevity evidence D; draft skin/beauty evidence D. Not a dosing or product recommendation.,public_draft_not_fully_reviewed,2026-04-28
berberine,小檗碱,Berberine,botanical_alkaloid,B,D,L2,M,可作为血糖、血脂和代谢候选证据。,不支持替代降糖/降脂药或延寿。,药物相互作用多，孕期和慢病用药人群需医生评估。,true,high,小檗碱：健康寿命证据草判 B；皮肤美容证据草判 D。可作为血糖、血脂和代谢候选证据。,Berberine: draft longevity evidence B; draft skin/beauty evidence D. Not a dosing or product recommendation.,public_draft_not_fully_reviewed,2026-04-28
cinnamon,肉桂,Cinnamon,botanical,C,D,L2/M,M,可作为血糖候选证据。,不支持治疗糖尿病或延寿。,香豆素、肝病和药物相互作用需注意。,true,high,肉桂：健康寿命证据草判 C；皮肤美容证据草判 D。可作为血糖候选证据。,Cinnamon: draft longevity evidence C; draft skin/beauty evidence D. Not a dosing or product recommendation.,public_draft_not_fully_reviewed,2026-04-28
garlic-extract,大蒜提取物,Garlic Extract,botanical,C,D,L2/M,M,可作为血脂、血压和心血管风险候选证据。,不支持替代降压/降脂治疗或延寿。,抗凝药、手术前和胃肠反应需注意。,true,medium,大蒜提取物：健康寿命证据草判 C；皮肤美容证据草判 D。可作为血脂、血压和心血管风险候选证据。,Garlic Extract: draft longevity evidence C; draft skin/beauty evidence D. Not a dosing or product recommendation.,public_draft_not_fully_reviewed,2026-04-28
plant-sterols,植物甾醇,Plant Sterols,lipid_lowering,B,D,L2,M,可支持 LDL-C 降低相关证据。,不支持直接降低死亡风险或美容。,不替代总体饮食和医学降脂策略。,false,medium,植物甾醇：健康寿命证据草判 B；皮肤美容证据草判 D。可支持 LDL-C 降低相关证据。,Plant Sterols: draft longevity evidence B; draft skin/beauty evidence D. Not a dosing or product recommendation.,public_draft_not_fully_reviewed,2026-04-28
red-yeast-rice,红曲米,Red Yeast Rice,lipid_lowering,B,D,L2,M,可支持 LDL-C 相关候选证据。,不支持作为安全天然替代他汀。,含类他汀成分和污染风险，需医生评估。,true,high,红曲米：健康寿命证据草判 B；皮肤美容证据草判 D。可支持 LDL-C 相关候选证据。,Red Yeast Rice: draft longevity evidence B; draft skin/beauty evidence D. Not a dosing or product recommendation.,public_draft_not_fully_reviewed,2026-04-28
policosanol,普利醇,Policosanol,lipid_lowering,D,D,L2/M,M,可作为血脂候选线索。,不支持降脂或延寿确定有效。,证据不一致，不能替代标准治疗。,true,high,普利醇：健康寿命证据草判 D；皮肤美容证据草判 D。可作为血脂候选线索。,Policosanol: draft longevity evidence D; draft skin/beauty evidence D. Not a dosing or product recommendation.,public_draft_not_fully_reviewed,2026-04-28
milk-thistle,水飞蓟,Milk Thistle,botanical,C,D,L2/M,M,可作为肝功能相关候选证据。,不支持护肝排毒、延寿或美容。,肝病治疗需医生评估，注意药物相互作用。,true,high,水飞蓟：健康寿命证据草判 C；皮肤美容证据草判 D。可作为肝功能相关候选证据。,Milk Thistle: draft longevity evidence C; draft skin/beauty evidence D. Not a dosing or product recommendation.,public_draft_not_fully_reviewed,2026-04-28
saw-palmetto,锯棕榈,Saw Palmetto,botanical,C,D,L2,M,可作为前列腺症状候选证据。,不支持抗衰、增发或激素调节确定有效。,前列腺症状需排除严重疾病。,true,high,锯棕榈：健康寿命证据草判 C；皮肤美容证据草判 D。可作为前列腺症状候选证据。,Saw Palmetto: draft longevity evidence C; draft skin/beauty evidence D. Not a dosing or product recommendation.,public_draft_not_fully_reviewed,2026-04-28
cranberry,蔓越莓,Cranberry,botanical,C,D,L2,M,可作为尿路感染复发预防候选证据。,不支持抗衰、美容或治疗感染。,抗凝药和肾结石风险人群需谨慎。,true,medium,蔓越莓：健康寿命证据草判 C；皮肤美容证据草判 D。可作为尿路感染复发预防候选证据。,Cranberry: draft longevity evidence C; draft skin/beauty evidence D. Not a dosing or product recommendation.,public_draft_not_fully_reviewed,2026-04-28
d-mannose,D-甘露糖,D-Mannose,urogenital,C,D,L2,M,可作为尿路感染复发预防候选证据。,不支持治疗感染或抗衰。,糖尿病和反复感染人群需医生评估。,true,medium,D-甘露糖：健康寿命证据草判 C；皮肤美容证据草判 D。可作为尿路感染复发预防候选证据。,D-Mannose: draft longevity evidence C; draft skin/beauty evidence D. Not a dosing or product recommendation.,public_draft_not_fully_reviewed,2026-04-28
peppermint-oil,薄荷油,Peppermint Oil,botanical,B,D,L2,M,可作为肠易激症状候选证据。,不支持抗衰、美容或长期随意使用。,胃食管反流、儿童和孕期需谨慎。,true,medium,薄荷油：健康寿命证据草判 B；皮肤美容证据草判 D。可作为肠易激症状候选证据。,Peppermint Oil: draft longevity evidence B; draft skin/beauty evidence D. Not a dosing or product recommendation.,public_draft_not_fully_reviewed,2026-04-28
ginger,姜,Ginger,botanical,C,D,L2/M,M,可作为恶心、炎症和代谢候选证据。,不支持延寿或美容逆龄。,抗凝药和胃肠耐受需注意。,true,medium,姜：健康寿命证据草判 C；皮肤美容证据草判 D。可作为恶心、炎症和代谢候选证据。,Ginger: draft longevity evidence C; draft skin/beauty evidence D. Not a dosing or product recommendation.,public_draft_not_fully_reviewed,2026-04-28
spirulina,螺旋藻,Spirulina,algae,D,D,M,M,可作为营养和代谢候选线索。,不支持排毒、抗衰或美容确定有效。,污染、免疫疾病和产品质量风险需提示。,false,high,螺旋藻：健康寿命证据草判 D；皮肤美容证据草判 D。可作为营养和代谢候选线索。,Spirulina: draft longevity evidence D; draft skin/beauty evidence D. Not a dosing or product recommendation.,public_draft_not_fully_reviewed,2026-04-28
chlorella,小球藻,Chlorella,algae,D,D,M,M,可作为营养候选线索。,不支持排毒、延寿或美容。,污染、免疫疾病和抗凝药人群需谨慎。,true,high,小球藻：健康寿命证据草判 D；皮肤美容证据草判 D。可作为营养候选线索。,Chlorella: draft longevity evidence D; draft skin/beauty evidence D. Not a dosing or product recommendation.,public_draft_not_fully_reviewed,2026-04-28
moringa,辣木,Moringa,botanical,D,D,M,M,可作为营养和代谢候选线索。,不支持抗衰、降糖或美容确定有效。,孕期、用药和产品质量需注意。,false,high,辣木：健康寿命证据草判 D；皮肤美容证据草判 D。可作为营养和代谢候选线索。,Moringa: draft longevity evidence D; draft skin/beauty evidence D. Not a dosing or product recommendation.,public_draft_not_fully_reviewed,2026-04-28
wheatgrass,小麦草,Wheatgrass,botanical,D,D,M,M,可作为营养候选线索。,不支持排毒、抗癌、延寿或美容。,污染和过敏风险需提示。,false,high,小麦草：健康寿命证据草判 D；皮肤美容证据草判 D。可作为营养候选线索。,Wheatgrass: draft longevity evidence D; draft skin/beauty evidence D. Not a dosing or product recommendation.,public_draft_not_fully_reviewed,2026-04-28
beetroot,甜菜根,Beetroot / Nitrate,sports_nutrition,B,D,L2,M,可支持血压和运动表现相关候选证据。,不支持延寿或美容。,低血压、肾结石风险和用药人群需谨慎。,true,medium,甜菜根：健康寿命证据草判 B；皮肤美容证据草判 D。可支持血压和运动表现相关候选证据。,Beetroot / Nitrate: draft longevity evidence B; draft skin/beauty evidence D. Not a dosing or product recommendation.,public_draft_not_fully_reviewed,2026-04-28
cocoa-flavanols,可可黄烷醇,Cocoa Flavanols,polyphenol,C,C,L2/M,S2/M,可作为血管功能和皮肤光保护候选证据。,不支持巧克力延寿或美容逆龄。,糖脂负担和配方差异需区分。,false,high,可可黄烷醇：健康寿命证据草判 C；皮肤美容证据草判 C。可作为血管功能和皮肤光保护候选证据。,Cocoa Flavanols: draft longevity evidence C; draft skin/beauty evidence C. Not a dosing or product recommendation.,public_draft_not_fully_reviewed,2026-04-28
olive-leaf,橄榄叶提取物,Olive Leaf Extract,botanical,D,D,M,M,可作为血压、代谢和抗氧化候选线索。,不支持替代降压药、延寿或美容。,低血压和用药相互作用需注意。,true,high,橄榄叶提取物：健康寿命证据草判 D；皮肤美容证据草判 D。可作为血压、代谢和抗氧化候选线索。,Olive Leaf Extract: draft longevity evidence D; draft skin/beauty evidence D. Not a dosing or product recommendation.,public_draft_not_fully_reviewed,2026-04-28
black-seed-oil,黑种草籽油,Black Seed Oil,botanical_oil,C,D,L2/M,M,可作为炎症和代谢候选证据。,不支持治疗疾病、延寿或美容。,药物相互作用、孕期和肝肾风险需注意。,true,high,黑种草籽油：健康寿命证据草判 C；皮肤美容证据草判 D。可作为炎症和代谢候选证据。,Black Seed Oil: draft longevity evidence C; draft skin/beauty evidence D. Not a dosing or product recommendation.,public_draft_not_fully_reviewed,2026-04-28
evening-primrose-oil,月见草油,Evening Primrose Oil,fatty_acid,C,C,L2/M,S1/M,可作为皮肤干燥、湿疹和女性健康候选证据。,不支持抗衰或美容确定有效。,抗凝药、癫痫和孕期需谨慎。,true,high,月见草油：健康寿命证据草判 C；皮肤美容证据草判 C。可作为皮肤干燥、湿疹和女性健康候选证据。,Evening Primrose Oil: draft longevity evidence C; draft skin/beauty evidence C. Not a dosing or product recommendation.,public_draft_not_fully_reviewed,2026-04-28
borage-oil,琉璃苣油,Borage Oil,fatty_acid,C,C,L2/M,S1/M,可作为皮肤屏障和炎症候选证据。,不支持抗衰或美容确定有效。,需注意肝毒性污染物和抗凝风险。,true,high,琉璃苣油：健康寿命证据草判 C；皮肤美容证据草判 C。可作为皮肤屏障和炎症候选证据。,Borage Oil: draft longevity evidence C; draft skin/beauty evidence C. Not a dosing or product recommendation.,public_draft_not_fully_reviewed,2026-04-28
cla,共轭亚油酸,Conjugated Linoleic Acid,fatty_acid,D,D,L2/M,M,可作为体成分候选线索。,不支持减脂、延寿或美容确定有效。,可能影响胰岛素敏感性和血脂，需谨慎。,true,high,共轭亚油酸：健康寿命证据草判 D；皮肤美容证据草判 D。可作为体成分候选线索。,Conjugated Linoleic Acid: draft longevity evidence D; draft skin/beauty evidence D. Not a dosing or product recommendation.,public_draft_not_fully_reviewed,2026-04-28
mct-oil,MCT 油,MCT Oil,fat,C,D,L2/M,M,可作为能量代谢和特定饮食场景候选证据。,不支持减肥、延寿或美容。,胃肠反应和热量负担需注意。,false,high,MCT 油：健康寿命证据草判 C；皮肤美容证据草判 D。可作为能量代谢和特定饮食场景候选证据。,MCT Oil: draft longevity evidence C; draft skin/beauty evidence D. Not a dosing or product recommendation.,public_draft_not_fully_reviewed,2026-04-28
sam-e,SAM-e,S-Adenosylmethionine,methylation,C,D,L2/M,M,可作为情绪、关节和肝功能候选证据。,不支持抗衰或美容。,躁郁风险、抗抑郁药相互作用需医生评估。,true,high,SAM-e：健康寿命证据草判 C；皮肤美容证据草判 D。可作为情绪、关节和肝功能候选证据。,S-Adenosylmethionine: draft longevity evidence C; draft skin/beauty evidence D. Not a dosing or product recommendation.,public_draft_not_fully_reviewed,2026-04-28
inositol,肌醇,Inositol,metabolic,C,D,L2/M,M,可作为 PCOS 和代谢候选证据。,不支持抗衰、美容或所有女性泛用。,糖代谢用药和孕期需评估。,true,medium,肌醇：健康寿命证据草判 C；皮肤美容证据草判 D。可作为 PCOS 和代谢候选证据。,Inositol: draft longevity evidence C; draft skin/beauty evidence D. Not a dosing or product recommendation.,public_draft_not_fully_reviewed,2026-04-28
phosphatidylserine,磷脂酰丝氨酸,Phosphatidylserine,cognition,D,D,M,M,可作为认知和压力候选线索。,不支持预防痴呆或延寿。,证据有限，产品来源和用药人群需注意。,false,high,磷脂酰丝氨酸：健康寿命证据草判 D；皮肤美容证据草判 D。可作为认知和压力候选线索。,Phosphatidylserine: draft longevity evidence D; draft skin/beauty evidence D. Not a dosing or product recommendation.,public_draft_not_fully_reviewed,2026-04-28
citicoline,胞磷胆碱,Citicoline,cognition,C,D,L2/M,M,可作为认知和神经恢复候选证据。,不支持聪明药、延寿或美容。,神经系统疾病和用药人群需医生评估。,true,high,胞磷胆碱：健康寿命证据草判 C；皮肤美容证据草判 D。可作为认知和神经恢复候选证据。,Citicoline: draft longevity evidence C; draft skin/beauty evidence D. Not a dosing or product recommendation.,public_draft_not_fully_reviewed,2026-04-28
choline,胆碱,Choline,nutrient,C,D,L2/M,M,可作为营养和肝脂代谢候选证据。,不支持延寿或美容。,高摄入、TMAO 风险和鱼腥味副作用需注意。,false,medium,胆碱：健康寿命证据草判 C；皮肤美容证据草判 D。可作为营养和肝脂代谢候选证据。,Choline: draft longevity evidence C; draft skin/beauty evidence D. Not a dosing or product recommendation.,public_draft_not_fully_reviewed,2026-04-28
l-theanine,L-茶氨酸,L-Theanine,relaxation,C,D,L2/M,M,可作为压力、睡眠和注意力候选证据。,不支持抗衰或治疗焦虑失眠。,镇静药物和驾驶安全需注意。,false,medium,L-茶氨酸：健康寿命证据草判 C；皮肤美容证据草判 D。可作为压力、睡眠和注意力候选证据。,L-Theanine: draft longevity evidence C; draft skin/beauty evidence D. Not a dosing or product recommendation.,public_draft_not_fully_reviewed,2026-04-28
tryptophan,色氨酸,Tryptophan,sleep_mood,C,D,L2/M,M,可作为睡眠和情绪相关候选证据。,不支持抗衰或美容。,与抗抑郁药同用需注意血清素风险。,true,high,色氨酸：健康寿命证据草判 C；皮肤美容证据草判 D。可作为睡眠和情绪相关候选证据。,Tryptophan: draft longevity evidence C; draft skin/beauty evidence D. Not a dosing or product recommendation.,public_draft_not_fully_reviewed,2026-04-28
5-htp,5-HTP,5-HTP,sleep_mood,C,D,L2/M,M,可作为睡眠和情绪候选线索。,不支持治疗抑郁、减肥或抗衰。,抗抑郁药同用风险较高，需医生评估。,true,high,5-HTP：健康寿命证据草判 C；皮肤美容证据草判 D。可作为睡眠和情绪候选线索。,5-HTP: draft longevity evidence C; draft skin/beauty evidence D. Not a dosing or product recommendation.,public_draft_not_fully_reviewed,2026-04-28
valerian,缬草,Valerian,sleep_botanical,C,D,L2/M,M,可作为睡眠候选证据。,不支持长期治疗失眠或抗衰。,镇静叠加、驾驶和肝脏安全需注意。,true,medium,缬草：健康寿命证据草判 C；皮肤美容证据草判 D。可作为睡眠候选证据。,Valerian: draft longevity evidence C; draft skin/beauty evidence D. Not a dosing or product recommendation.,public_draft_not_fully_reviewed,2026-04-28
